INPUT,/ˈuːnum/,/ˈuːnɑm/,/ˌuːnum/,/ˌuːnɑm/,/prˈiːmum/,/prˌiːmˈɑːrium/,/sˈinɡulum/,/sˈimplum/,/ˈin̪t̪eɡrum/,/duˈoːs/,/dˈuɑːs/,/sˌekˈundum/,/dˈuplum/,/dˌimˈedium/,/mˌedietˈɑːtem/,/trˈeːs/,/tˈertium/,/trˈiplum/,/trˌiˈentem/,/trˌientˈɑːrium/,/kwˈɑttuor/,/kwˈɑːrtum/,/kwˌɑdrˈɑntem/,/kwˌɑːrtˈɑːrium/,/kwˈiːnkwe/,/kwˈiːntum/,/kwˌiːnˈɑːrium/,/sˈeks/,/sˈekstum/,/sˌekstˈɑːrium/,/sˈeptem/,/sˈeptimum/,/ˈoktoː/,/ˌoktˈɑːwum/,/nˈowem/,/nˈoːnum/,/dˈekem/,/dˈekimum/,/dˌeːnˈɑːrium/,/ˈundekim/,/duˈodekim/,/trˈeːdekim/,/kwˌɑttuˈordekim/,/kwˈiːndekim/,/sˈeːdekim/,/dˌeːkietsˈeptem/,/dˌeːkietˈoktoː/,/ˌuːndeːwˌiːɡˈinti/,/wˌiːɡˈinti/,/wˌiːkˈeːnsimum/,/trˌiːɡˈintɑ/,/t̪rˌiːkˈeːsimum/,/kwˌɑdrɑːɡˈintɑm/,/kwˌɑdrɑːɡˈeːsimɑ/,/kwˌiːnkwɑːɡˈintɑm/,/kwˌiːnkwɑːɡˈeːsimɑ/,/sˌeksɑːɡˈintɑm/,/sˌeptɑːɡˈintɑm/,/ˌoktɑːɡˈintɑm/,/nˌoːnɑːɡˈintɑm/,/kˈentum/,/kˌentˈeːsimum/,/mˈiːllem/,/mˌiːllˈeːsimum/
R0,,,,,,,,,,,,,,,,,,,,,,,,,,,,,,,,,,,,,,,,,,,,,,,,,,,,,,,,,,,,,,,,
R1,,,,,,,,,,,,,,,,,,,,,,,,,,,,,,,,,,,,,,,,,,,,,,,,,,,,,,,,,,,,,,,,
R2,,,,,,,,,,,,,,,,,,,,,,,,,,,,,,,,,,,,,,,,,,,,,,,,,,,,,,,,,,,,,,,,
R3,,,,,,,,,,,,,,,,,,,,,,,,,,,,,,,,,,,,,,,,,,,,,,,,,,,,,,,,,,,,,,,,
R4,,,,,,,,,,,,,,,,,,,,,,,,,,,,,,,,,,,,,,,,,,,,,,,,,,,,,,,,,,,,,,,,
R5,,,,,,,,,,,,,,,,,,,,,,,,,,,,,,,,,,,,,,,,,,,,,,,,,,,,,,,,,,,,,,,,
R6,,,,,,,,,,,,,,,,,,,,,,,,,,,,,,,,,,,,,,,,,,,,,,,,,,,,,,,,,,,,,,,,
R7,,,,,,,,,,,,,,,,,,,,,,,,,,,,,,,,,,,,,,,,,,,,,,,,,,,,,,,,,,,,,,,,
R8,,,,,,,,,,,,,,,,,,,,,,,,,,,,,,,,,,,,,,,,,,,,,,,,,,,,,,,,,,,,,,,,
R9,,,,,,*/prˌiːmˈɑːrjum/,,,,*/dwˈoːs/,,,,*/dˌimˈedjum/,*/mˌedjetˈɑːtem/,,*/tˈertjum/,,,*/trˌientˈɑːrjum/,*/kwˈɑttwor/,,,*/kwˌɑːrtˈɑːrjum/,,,*/kwˌiːnˈɑːrjum/,,,*/sˌekstˈɑːrjum/,,,,,,,,,*/dˌeːnˈɑːrjum/,,*/dwˈodekim/,,*/kwˌɑttwˈordekim/,,,*/dˌeːkjetsˈeptem/,*/dˌeːkjetˈoktoː/,,,,,,,,,,,,,,,,,
R10,,,,,,,,,,,,,,,,,,,,,,,,,,,,,,,,,,,,,,,,,,,,,,,,,,,,,,,,,,,,,,,,
R11,,,,,,,,,,,,,,,,,,,,,,,,,,,,,,,,,,,,,,,,,,,,,,,,,,,,,,,,,,,,,,,,
R12,,,,,,,,,,,,,,,,,,,,,,,,,,,,,,,,,,,,,,,,,,,,,,,,,,,,,,,,,,,,,,,,
R13,,*/ˈuːnam/,,*/ˌuːnam/,,*/prˌiːmˈaːrjum/,,,,,*/dˈuaːs/,,,,*/mˌedjetˈaːtem/,,,,,*/trˌientˈaːrjum/,*/kwˈattwor/,*/kwˈaːrtum/,*/kwˌadrˈantem/,*/kwˌaːrtˈaːrjum/,,,*/kwˌiːnˈaːrjum/,,,*/sˌekstˈaːrjum/,,,,*/ˌoktˈaːwum/,,,,,*/dˌeːnˈaːrjum/,,,,*/kwˌattwˈordekim/,,,,,,,,*/trˌiːɡˈinta/,,*/kwˌadraːɡˈintam/,*/kwˌadraːɡˈeːsima/,*/kwˌiːnkwaːɡˈintam/,*/kwˌiːnkwaːɡˈeːsima/,*/sˌeksaːɡˈintam/,*/sˌeptaːɡˈintam/,*/ˌoktaːɡˈintam/,*/nˌoːnaːɡˈintam/,,,,
R14,,,,,,,,,,,,,,,,,,,,,,,,,,,,,,,,,,,,,,,,,,,,,,,,,,,,,,,,,,,,,,,,
R15,,,,,,,,,,,,,,,,,,,,,,,,,,,,,,,,,,,,,,,,,,,,,,,,,,,,,,,,,,,,,,,,
R16,,,,,,,,,,,,,,,,,,,,,,,,,,,,,,,,,,,,,,,,,,,,,,,,,,,,,,,,,,,,,,,,
R17,,,,,,,,,,,,,,,,,,,,,,,,,,,,,,,,,,,,,,,,,,,,,,,,,,,,,,,,,,,,,,,,
R18,,,,,,,,,,,,,,,,,,,,,,,,,,,,,,,,,,,,,,,,,,,,,,,,,,,,,,,,,,,,,,,,
R19,,,*/uːnum/,*/uːnam/,,*/priːmˈaːrjum/,,,,,,*/sekˈundum/,,*/dimˈedjum/,*/medjetˈaːtem/,,,,*/triˈentem/,*/trientˈaːrjum/,,,*/kwadrˈantem/,*/kwaːrtˈaːrjum/,,,*/kwiːnˈaːrjum/,,,*/sekstˈaːrjum/,,,,*/oktˈaːwum/,,,,,*/deːnˈaːrjum/,,,,*/kwattwˈordekim/,,,*/deːkjetsˈeptem/,*/deːkjetˈoktoː/,*/uːndeːwiːɡˈinti/,*/wiːɡˈinti/,*/wiːkˈeːnsimum/,*/triːɡˈinta/,*/t̪riːkˈeːsimum/,*/kwadraːɡˈintam/,*/kwadraːɡˈeːsima/,*/kwiːnkwaːɡˈintam/,*/kwiːnkwaːɡˈeːsima/,*/seksaːɡˈintam/,*/septaːɡˈintam/,*/oktaːɡˈintam/,*/noːnaːɡˈintam/,,*/kentˈeːsimum/,,*/miːllˈeːsimum/
R20,,,,,,,,,,,,,,,,,,,,,,,,,,,,,,,,,,,,,,,,,,,,,,,,,,,,,,,,,,,,,,,,
R21,,,,,,,,,,,,,,,,,,,,,,,,,,,,,,,,,,,,,,,,,,,,,,,,,,,,,,,,,,,,,,,,
R22,,,,,,,,,,,,,,,,,,,,,,,,,,,,,,,,,,,,,,,,,,,,,,,,,,,,,,,,,,,,,,,,
R23,,,,,,,,,,,,,,,,,,,,,,,,,,,,,,,,,,,,,,,,,,,,,,,,,,,,,,,,,,,,,,,,
R24,,,,,,,,,,,,,,,,,,,,,,,,,,,,,,,,,,,,,,,,,,,,,,,,,,,,,,,,,,,,,,,,
R25,,,,,,,,,,,,,,,,,,,,,,,,,,,,,,,,,,,,,,,,,,,,,,,,,,,,,,,,,,,,,,,,
R26,,,,,,,,,,,,,,,,,,,,,,,,,,,,,,,,,,,,,,,,,,,,,,,,,,,,,,,,,,,,,,,,
R27,,,,,,,,,,,,,,,,,,,,,,,,,,,,,,,,,,,,,,,,,,,,,,,,,,,,,,,,,,,,,,,,
R28,,,,,,,,,,,,,,,,,,,,,,,,,,,,,,,,,,,,,,,,,,,,,,,,,,,,,,,,,,,,,,,,
R29,,,,,,,,,,,,,,,,,,,,,,,,,,,,,,,,,,,,,,,,,,,,,,,,,,,,,,,,,,,,,,,,
R30,,,,,,,,,,,,,,,,,,,,,,,,,,,,,,,,,,,,,,,,,,,,,,,,,,,,,,,,,,,,,,,,
R31,,,,,,,,,,,,,,,,,,,,,,,*/kwarrˈantem/,,,,,,,,,,,,,,,,,,,,,,,,,,,,,,*/kwarraːɡˈintam/,*/kwarraːɡˈeːsima/,,,,,,,,,,
R32,,,,,,,,,,,,,,,,,,,,,,,,,,,,,,,,,,,,,,,,,,,,,,,,,,,,,,,,,,,,,,,,
R33,,,,,,,,,,,,,,,,,,,,,,,,,,,,,,,,,,,,,,,,,,,,,,,,,,,,,,,,,,,,,,,,
R34,,,,,,,,,,,,,,,,,,,,,,,,,,,,,,,,,,,,,,,,,,,,,,,,,,,,,,,,,,,,,,,,
R35,,,,,,,,,,,,,,,,,,,,,,,,,,,,,,,,,,,,,,,,,,,,,,,,,,,,,,,,,,,,,,,,
R36,,,,,,,,,,,,,,,,,,,,,,,,,,,,,,,,,,,,,,,,,,,,,,,,,,,,,,,,,,,,,,,,
R37,*/ˈuːnu/,*/ˈuːna/,*/uːnu/,*/uːna/,*/prˈiːmu/,*/priːmˈaːrju/,*/sˈinɡulu/,*/sˈimplu/,*/ˈin̪t̪eɡru/,,,*/sekˈundu/,*/dˈuplu/,*/dimˈedju/,*/medjetˈaːte/,,*/tˈertju/,*/trˈiplu/,*/triˈente/,*/trientˈaːrju/,,*/kwˈaːrtu/,*/kwarrˈante/,*/kwaːrtˈaːrju/,,*/kwˈiːntu/,*/kwiːnˈaːrju/,,*/sˈekstu/,*/sekstˈaːrju/,*/sˈepte/,*/sˈeptimu/,,*/oktˈaːwu/,*/nˈowe/,*/nˈoːnu/,*/dˈeke/,*/dˈekimu/,*/deːnˈaːrju/,*/ˈundeki/,*/dwˈodeki/,*/trˈeːdeki/,*/kwattwˈordeki/,*/kwˈiːndeki/,*/sˈeːdeki/,*/deːkjetsˈepte/,,,,*/wiːkˈeːnsimu/,,*/t̪riːkˈeːsimu/,*/kwarraːɡˈinta/,,*/kwiːnkwaːɡˈinta/,,*/seksaːɡˈinta/,*/septaːɡˈinta/,*/oktaːɡˈinta/,*/noːnaːɡˈinta/,*/kˈentu/,*/kentˈeːsimu/,*/mˈiːlle/,*/miːllˈeːsimu/
R38,,,,,,,,,,,,,,,,,,,,,,,,,,,,,,,,,,,,,,,,,,,,,,,,,,,,,,,,,,,,,,,,
R39,,,,,,,,,,,,,,,,,,,,,,,,,,,,,,,,,,,,,,,,,,,,,,,,,,,,,,,,,,,,,,,,
R40,,,,,,,,,,,,,,,,,,,,,,,,,,,,,,,,,,,,,,,,,,,,,,,,,,*/wiːkˈeːsimu/,,,,,,,,,,,,,,
R41,,,,,,,,,,,,,,,,,,,,,,,,,,,,,,,,,,,,,,,,,,,,,,,,,,,,,,,,,,,,,,,,
R42,,,,,,,,,,,,,,,,,,,,,,,,,,,,,,,,,,,,,,,,,,,,,,,,,,,,,,,,,,,,,,,,
R43,,,,,,,,,,,,,,,,,,,,,,,,,,,,,,,,,,,,,,,,,,,,,,,,,,,,,,,,,,,,,,,,
R44,,,,,,,,,,,,,,,,,,,,,,,,,,,,,,,,,,,,,,,,,,,,,,,,,,,,,,,,,,,,,,,,
R45,,,,,,,,,,,,,,,,,,,,,,,,,,,,,,,,,,,,,,,,,,,,,,,,,,,,,,,,,,,,,,,,
R46,,,,,,,,,,,,,,,,,,,,,,,,,,,,,,,,,,,,,,,,,,,,,,,,,,,,,,,,,,,,,,,,
R47,,,,,,,,,,,,,,,,,,,,,,,,,,,,,,,,,,,,,,,,,,,,,,,,,,,,,,,,,,,,,,,,
R48,,,,,,,,,,,,,,,,,,,,,,,,,,,,,,,,,,,,,,,,,,,,,,,,,,,,,,,,,,,,,,,,
R49,,,,,,,,,,,,,,,,,,,,,,,,,,,,,,,,,,,,,,,,,,,,,,,,,,,,,,,,,,,,,,,,
R50,,,,,,,,,,,,,,,,,,,,,,,,,,,,,,,,,,,,,,,,,,,,,,,,,,,,,,,,,,,,,,,,
R51,,,,,,,,,,,,,,,,,,,,,,,,,,,,,,,,,,,,,,,,,,,,,,,,,,,,,,,,,,,,,,,,
R52,,,,,,,,,,,,,,,,,,,,,,,,,,,,,,,,,,,,,,,,,,,,,,,,,,,,,,,,,,,,,,,,
R53,,,,,,,,,,,,,,,,,,,,,,,,,,,,,,,,,,,,,,,,,,,,,,,,,,,,,,,,,,,,,,,,
R54,,,,,,,,,,,,,,,,,,,,,,,,,,,,,,,,,,,,,,,,,,,,,,,,,,,,,,,,,,,,,,,,
R55,,,,,,,,,,,,,,,,,,,,,,,,,,,,,,,,,,,,,,,,,,,,,,,,,,,,,,,,,,,,,,,,
R56,,,,,,,,,,,,,,,,,,,,,,,,,,,,,,,,,,,,,,,,,,,,,,,,,,,,,,,,,,,,,,,,
R57,,,,,,,,,,,,,,,,,,,,,,,,,,,,,,,,,,,,,,,,,,,,,,,,,,,,,,,,,,,,,,,,
R58,,,,,,,,,,,,,,,,,,,,,,,,,,,,,,,,,,,,,,,,,,,,,,,,,,,,,,,,,,,,,,,,
R59,,,,,,,,,,,,,,,,,,,,,,,,,,,,,,,,,,,,,,,,,,,,,,,,,,,,,,,,,,,,,,,,
R60,,,,,,,,,,,,,,,,,,,,,,,,,,,,,,,,,,,,,,,,,,,,,,,,,,,,,,,,,,,,,,,,
R61,,,,,,,,,,,,,,,,,,,,,,,,,,,,,,,,,,,,,,,,,,,,,,,,,,,,,,,,,,,,,,,,
R62,,,,,,,,,,,,,,,,,,,,,,,,,,,,,,,,,,,,,,,,,,,,,,,,,,,,,,,,,,,,,,,,
R63,,,,,,,,,,,,,,,,,,,,,,,,,,,,,,,,,,,,,,,,,,,,,,,,,,,,,,,,,,,,,,,,
R64,,,,,,,,,,,,,,,,,,,,,,,,,,,,,,,,,,,,,,,,,,,,,,,,,,,,,,,,,,,,,,,,
R65,,,,,,,,,,,,,,,,,,,,,,,,,,,,,,,,,,,,,,,,,,,,,,,,,,,,,,,,,,,,,,,,
R66,,,,,,,,,,,,,,,,,,,,,,,,,,,,,,,,,,,,,,,,,,,,,,,,,,,,,,,,,,,,,,,,
R67,,,,,,,,,,,,,,,,,,,,,,,,,,,,,,,,,,,,,,,,,,,,,,,,,,,,,,,,,,,,,,,,
R68,,,,,,,,,,,,,,,,,,,,,,,,,,,,,,,,,,,,,,,,,,,,,,,,,,,,,,,,,,,,,,,,
R69,,,,,,,,,,,,,,,,,,,,,,,,,,,,,,,,,,,,,,,,,,,,,,,,,,,,,,,,,,,,,,,,
R70,,,,,,,,,,,,,,,,,,,,,,,,,,,,,,,,,,,,,,,,,,,,,,,,,,,,,,,,,,,,,,,,
R71,,,,,,,,,,,,,,,,,,,,,,,,,,,,,,,,,,,,,,,,,,,,,,,,,,,,,,,,,,,,,,,,
R72,,,,,,,,,,,,,,,,,,,,,,,,,,,,,,,,,,,,,,,,,,,,,,,,,,,,,,,,,,,,,,,,
R73,,,,,,,,,,,,,,,,,,,,,,,,,,,,,,,,,,,,,,,,,,,,,,,,,,,,,,,,,,,,,,,,
R74,,,,,,,,,,,,,,,,,,,,,,,,,,,,,,,,,,,,,,,,,,,,,,,,,,,,,,,,,,,,,,,,
R75,,,,,,,,,,,,,,,,,,,,,,,,,,,,,,,,,,,,,,,,,,,,,,,,,,,,,,,,,,,,,,,,
R76,,,,,,,,,*/ˈin̪t̪reɡu/,,,,,,,,,,,,,,,,,,,,,,,,,,,,,,,,,,,,,,,,,,,,,,,,,,,,,,,
R77,,,,,,,,,,,,,,,,,,,,,,*/kˈaːrtu/,,,,,,,,,,,,,,,,,,,,,,,,,,,,,,,,,,,,,,,,,,
R78,,,,,,,,,,,,,,,,,,,,,,,,*/kaːrtˈaːrju/,,,,,,,,,,,,,,,,,,,,,,,,,,,,,,,,,,,,,,,,
R79,,,,,,,,,,,,,,,,,,,,,,,,,,,,,,,,,,,,,,,,,,,,,,,,,,,,,,,,,,,,,,,,
R80,,,,,,,,,,,,,,,,,,,,,,,,,,,,,,,,,,,,,,,,,,,,,,,,,,,,,,,,,,,,,,,,
R81,,,,,,,,,,,,,,,,,,,,,,,,,,,,,,,,,,,,,,,,,,,,,,,,,,,,,,,,,,,,,,,,
R82,,,,,,,,,,,,,,,,,,,,,,,,,,,,,,,,,,,,,,,,,,,,,,,,,,,,,,,,,,,,,,,,
R83,,,,,,,,,,,,,,,,,,,,,,,,,,,,,,,,,,,,,,,,,,,,,,,,,,,,,,,,,,,,,,,,
R84,,,,,,,,,,,,,,,,,,,,,,,,,,,,,,,,,,,,,,,,,,,,,,,,,,,,,,,,,,,,,,,,
R85,,,,,,,,,,,,,,,,,,,,,,,,,,,,,,,,,,,,,,,,,,,,,,,,,,,,,,,,,,,,,,,,
R86,,,,,,,,,,,,,,,,,,,,,*/kwˈattrwo/,,,,,,,,,,,,,,,,,,,,,,,,,,,,,,,,,,,,,,,,,,,
R87,,,,,,,,,,,,,,,,,,,,,,,,,,,,,,,,,,,,,,,,,,,,,,,,,,,,,,,,,,,,,,,,
R88,,,,,,,,,,,,,,,,,,,,,,,,,,,,,,,,,,,,,,,,,,,,,,,,,,,,,,,,,,,,,,,,
R89,,,,,,,,,,,,,,,,,,,,,,,,,,,,,,,,,,,,,,,,,,,,,,,,,,,,,,,,,,,,,,,,
R90,,,,,,,,,,,,,,,,,,,,,,,,,,,,,,,,,,,,,,,,,,,,,,,,,,,,,,,,,,,,,,,,
R91,,,,,,,,,,,,,,,,,,,,,,,,,,,,,,,,,,,,,,,,,,,,,,,,,,,,,,,,,,,,,,,,
R92,,,,,,,,,,,,,,,,,,,,,,,,,,,,,,,,,,,,,,,,,,,,,,,,,,,,,,,,,,,,,,,,
R93,,,,,,,,,,,,,,,,,,,,,,,,,,,,,,,,,,,,,,,,,,,,,,,,,,,,,,,,,,,,,,,,
R94,,,,,,,,,,*/dβˈoːs/,,,,,,,,,,,*/kβˈattrβo/,,*/kβarrˈante/,,*/kβˈiːnkβe/,*/kβˈiːntu/,*/kβiːnˈaːrju/,,,,,,,*/oktˈaːβu/,*/nˈoβe/,,,,,,*/dβˈodeki/,,*/kβattβˈordeki/,*/kβˈiːndeki/,,,,*/uːndeːβiːɡˈinti/,*/βiːɡˈinti/,*/βiːkˈeːsimu/,,,*/kβarraːɡˈinta/,*/kβarraːɡˈeːsima/,*/kβiːnkβaːɡˈinta/,*/kβiːnkβaːɡˈeːsima/,,,,,,,,
R95,,,,,,,,,,,,,,,,,,,,,,,,,,,,,,,,,,,,,,,,,,,,,,,,,,,,,,,,,,,,,,,,
R96,,,,,,,,,,,,,,,,,,,,,,,,,,,,,,,,,,,,,,,,,,,,,,,,,,,,,,,,,,,,,,,,
R97,,,,,,,,,,,,,,,,,,,,,,,,,,,,,,,,,,,,,,,,,,,,,,,,,,,,,,,,,,,,,,,,
R98,,,,,,,,,,,,,,,,,,,,,,,,,,,,,,,,,,,,,,,,,,,,,,,,,,,,,,,,,,,,,,,,
R99,,,,,,,,,,,,,,,,,,,,,,,,,,,,,*/sˈestu/,*/sestˈaːrju/,,,,,,,,,,,,,,,,,,,,,,,,,,,,,,,,,,
R100,,,,,,,,,,,,,,,,,,,,,,,,,,,,,,,,,,,,,,,,,,,,,,,,,,,,,,,,,,,,,,,,
R101,,,,,,,,,,,,,,,,,,,,,,,,,,,,,,,,,,,,,,,,,,,,,,,,,,,,,,,,,,,,,,,,
R102,,,,,,,,,,,,,,,,,,,,,,,,,,,,,,,,,,,,,,,,,,,,,,,,,,,,,,,,,,,,,,,,
R103,,,,,,,,,,,,,,,,,,,,,,,,,,,,*/sˈeps/,,,,,*/ˈoptoː/,,,,,,,,,,,,,,*/deːkjetˈoptoː/,,,,,,,,,,,,,,,,,
R104,,,,,,,,,,,,,,,,,,,,,,,,,,,,,,,,,,*/optˈaːβu/,,,,,,,,,,,,,,,,,,,,,,,,,,,,,,
R105,,,,,,,,,,,,,,,,,,,,,,,,,,,,,,,,,,,,,,,,,,,,,,,,,,,,,,,,,,,,,,,,
R106,,,,,,,,,,,,,,,,,,,,,,,,,,,,,,,,,,,,,,,,,,,,,,,,,,,,,,,,,,,*/optaːɡˈinta/,,,,,
R107,,,,,,,,,,,,,,,,,,,,,,,,,,,,,,,,,,,,,,,,,,,,,,,,,,,,,,,,,*/sessaːɡˈinta/,,,,,,,
R108,,,,,,,,,,,,,,,,,,,,,,,,,,,,,,,,,,,,,,,,,,,,,,,,,,,,,,,,,,,,,,,,
R109,,,,,,,,,,,,,,,,,,,,,*/pβˈattrβo/,,*/pβarrˈante/,,,,,,,,,,,,,,,,,,,,*/pβattβˈordeki/,,,,,,,,,,*/pβarraːɡˈinta/,*/pβarraːɡˈeːsima/,*/kβiːnpβaːɡˈinta/,*/kβiːnpβaːɡˈeːsima/,,,,,,,,
R110,,,,,,,,,,,,,,,,,,,,,,,,,,,,,,,,,,,,,,,,,,,,,,,,,,,,,,,,,,,,,,,,
R111,,,,,,,,,,,,,,,,,,,,,,,,,,,,,,,,,,,,,,,,,,,,,,,,,,,,,,,*/kβiːmpβaːɡˈinta/,*/kβiːmpβaːɡˈeːsima/,,,,,,,,
R112,,,,,,,,,,,,,,,,,,,,,,,,,,,,,,,,,,,,,,,,,,,,,,,,,,,,,,,,,,,,,,,,
R113,,,,,,,,,,,,,,,,,,,,,,,,,,,,,,,,,,,,,,,,,,,,,,,,,,,,,,,,,,,,,,,,
R114,,,,,,,,,,,*/duˈaːs/,,,,,,,,,,,,,,,,,,,,,,,,,,,,,,,,,,,,,,,,,,,,,,,,,,,,,
R115,,,,,,,,,,,,,,,,,,,,,,,,,,,,,,,,,,,,,,,,,,,,,,,,,,,,,,,,,,,,,,,,
R116,,,,,,,,,,,,,,,,,,,,*/triintˈaːrju/,,,,,,,,,,,,,,,,,,,,,,,,,,,,,,,,,,,,,,,,,,,,
R117,,,,,,,,,,,,,,,,,,,,,,,,,,,,,,,,,,,,,,,,,,,,,,,,,,,,,,,,,,,,,,,,
R118,,,,,,,,,,,,,,,,,,,,*/trintˈaːrju/,,,,,,,,,,,,,,,,,,,,,,,,,,,,,,,,,,,,,,,,,,,,
R119,,,,,,,,,,,,,,,,,,,,,,,,,,,,,,,,,,,,,,,,,,,,,,,,,,,,,,,,,,,,,,,,
R120,,,,,,,,,,,*/dwˈaːs/,,,,,,,,*/trjˈente/,,,,,,,,,,,,,,,,,,,,,,,,,,,,,,,,,,,,,,,,,,,,,
R121,,,,,,,,,,,,,,*/dimˈɛdju/,,,*/tˈɛrtju/,,*/trjˈɛnte/,,,,,,,,,*/sˈɛps/,*/sˈɛstu/,,*/sˈɛpte/,*/sˈɛptimu/,,,,,*/dˈɛke/,*/dˈɛkimu/,,,,,,,,*/deːkjetsˈɛpte/,,,,,,,,,,,,,,,*/kˈɛntu/,,,
R122,,,,,,,,,,,,,,,,,,,,,,,,,,,,,,,,,,,,,,,,*/ˈundekiː/,*/dβˈodekiː/,*/trˈeːdekiː/,*/pβattβˈordekiː/,*/kβˈiːndekiː/,*/sˈeːdekiː/,,,*/uːndeːβiːɡˈintiː/,*/βiːɡˈintiː/,,,,,,,,,,,,,,,
R123,,,,,,,*/sˈenɡulu/,*/sˈemplu/,*/ˈen̪t̪reɡu/,,,,,*/demˈɛdju/,,,,*/trˈeplu/,,*/trentˈaːrju/,,,,,,,,,,,,*/sˈɛptemu/,,,,,,*/dˈɛkemu/,,,,,,,,,,*/uːndeːβiːɡˈentiː/,*/βiːɡˈentiː/,*/βiːkˈeːsemu/,*/triːɡˈenta/,*/t̪riːkˈeːsemu/,*/pβarraːɡˈenta/,*/pβarraːɡˈeːsema/,*/kβiːmpβaːɡˈenta/,*/kβiːmpβaːɡˈeːsema/,*/sessaːɡˈenta/,*/septaːɡˈenta/,*/optaːɡˈenta/,*/noːnaːɡˈenta/,,*/kentˈeːsemu/,,*/miːllˈeːsemu/
R124,,,,,,,,,,,,,,,,,,,,,,,,,,,,,,,,,,,,,,,,,,,,,,,,,,,,,,,,,,,,,,,,
R125,,,,,,,,,,,,,,,,,,,,,,,,,,,,,,,,,,,,,,,,,,,,,,,,,,,,,,,,,,,,,,,,
R126,,,,,,,,,,,,,,,,,,,,,,,,,,,,,,,,,,,,,,,,,,,,,,,,,,,,,,,,,,,,,,,,
R127,*/ˈunu/,*/ˈuna/,*/unu/,*/una/,*/prˈimu/,*/primˈarju/,,,,*/dβˈos/,*/dwˈas/,,,,*/medjetˈate/,*/trˈes/,,,,*/trentˈarju/,,*/kˈartu/,,*/kartˈarju/,*/kβˈinkβe/,*/kβˈintu/,*/kβinˈarju/,,,*/sestˈarju/,,,*/ˈopto/,*/optˈaβu/,,*/nˈonu/,,,*/denˈarju/,*/ˈundeki/,*/dβˈodeki/,*/trˈedeki/,*/pβattβˈordeki/,*/kβˈindeki/,*/sˈedeki/,*/dekjetsˈɛpte/,*/dekjetˈopto/,*/undeβiɡˈenti/,*/βiɡˈenti/,*/βikˈesemu/,*/triɡˈenta/,*/t̪rikˈesemu/,*/pβarraɡˈenta/,*/pβarraɡˈesema/,*/kβimpβaɡˈenta/,*/kβimpβaɡˈesema/,*/sessaɡˈenta/,*/septaɡˈenta/,*/optaɡˈenta/,*/nonaɡˈenta/,,*/kentˈesemu/,*/mˈille/,*/millˈesemu/
R128,,,,,,,,,,,,,,,,,,,,,,,,,,,,,,,,,,,,,,,,,,,,,,,,,,,,,,,,,,,,,,,,
R129,,,,,,,,,,,,,,,,,,,,,,,,,,,,,,,,,,,,,,,,,,,,,,,,,,,,,,,,,,,,,,,,
R130,,,,,,,,,,,,,,,,,,,,,,,,,,,,,,,,,,,,,,,,,,,,,,,,,,,,,,,,,,,,,,,,
R131,,,,,,,,,,,*/dˈas/,,,,,,,,,,,,,,,,,,,,,,,,,,,,,,,,,,,,,,,,,,,,,,,,,,,,,
R132,,,,,,,,,,,,,,*/demˈɛddju/,*/meddjetˈate/,,,,,,,,,,,,,,,,,,,,,,,,,,,,,,,*/dekkjetsˈɛpte/,*/dekkjetˈopto/,,,,,,,,,,,,,,,,,
R133,,,,,,,,,,,,,,,,,,,,,,,,,,,,,,,,,,,,,,,,,,,,,,,,,,,,,,,,,,,,,,,,
R134,,,,,,,,,,,,,,*/demˈɛdd͡ʒju/,*/medd͡ʒjetˈate/,,*/tˈɛrt͡ʃju/,,,,,,,,,,,,,,,,,,,,,,,,,,,,,,,,,,,,,,,,,,,,,,,
R135,,,,,,,,,,,,,,,,,,,,,,,,,,,,,,,,,,,,,,,,,,,,,,,,,,,,,,,,,,,,,,,,
R136,,,,,,,,,,,,,,,,,,,,,,,,,,,,,,,,,,,,,,,,,,,,,,*/dekt͡ʃjetsˈɛpte/,*/dekt͡ʃjetˈopto/,,,,,,,,,,,,,,,,,
R137,,,,,,,,,,,,,,*/demˈɛdd͡ʒu/,*/medd͡ʒetˈate/,,*/tˈɛrt͡ʃu/,,,,,,,,,,,,,,,,,,,,,,,,,,,,,*/dekt͡ʃetsˈɛpte/,*/dekt͡ʃetˈopto/,,,,,,,,,,,,,,,,,
R138,,,,,,,,,,,,,,,,,,,,,,,,,,,,,,,,,,,,,,,,,,,,,,*/dett͡ʃetsˈɛpte/,*/dett͡ʃetˈopto/,,,,,,,,,,,,,,,,,
R139,,,,,,,,,,,,,,,,,,,,,,,,,,,,,,,,,,,,,,,,,,,,,,,,,,,,,,,,,,,,,,,,
R140,,,,,,,,,,,,,,*/demˈɛdd͡zu/,,,*/tˈɛrt͡su/,,,,,,,,,,,,,,,,,,,,,,,,,,,,,,,,,,,,,,,,,,,,,,,
R141,,,,,,,,,,,,,,,,,,,,,,,,,,,,,,,,,,,,,,,,,,,,,,,,,,,,,,,,,,,,,,,,
R142,,,,,,,,,,,,,,,,,,,,,,,,,,,,,,,,,,,,,,,,,,,,,,,,,,,,,,,,,,,,,,,,
R143,,,,,,*/primˈajru/,,,,,,,,,,,,,,*/trentˈajru/,,,,*/kartˈajru/,,,*/kβinˈajru/,,,*/sestˈajru/,,,,,,,,,*/denˈajru/,,,,,,,,,,,,,,,,,,,,,,,,,
R144,,,,,,,,,,,,,,,,,,,,,,,,,,,,,,,,,,,,,,,,,,,,,,,,,,,,,,,,,,,,,,,,
R145,,,,,,,,,,,,,,,,,,,,,,,,,,,,,,,,,,,,,,,,,,,,,,,,,,,,,,,,,,,,,,,,
R146,,,,,,,,,,,,,,,,,,,,,,,,,,,,,,,,,,,,,,,,,,,,,,,,,,,,,,,,,,,,,,,,
R147,,,,,,,,,,,,,,,,,,,,,,,,,,,,,,,,,,,,,,,,,,,,,,,,,*/viɡˈenti/,*/vikˈesemu/,,,,,,,,,,,,,,
R148,,,,,,,,,,,,,,,,,,,,,,,,,,,,,,,,,,,,,,,,,,,,,,,,,,,,,,,,,,,,,,,,
R149,,,,,,,,,,,,,,,,,,,,,,,,,,,,,,,,,,,,,,,,,,,,,,,,,,,,,,,,,,,,,,,,
R150,,,,,,,,,,,,,,,,,,,,,,,,,,,,,,,,,,,,,,,,,,,,,,,,,,,,,,,,,,,,,,,,
R151,,,,,,,,,,,,,,,,,,,,,,,,,,,,,,,,,,,,,,,,,,,,,,,,,,,,,,,,,,,,,,,,
R152,,,,,,,,,,,,,,,,,,,,,,,,,,,,,,,,,,,,,,,,,,,,,,,,,,,,,,,,,,,,,,,,
R153,,,,,,,,,,,,,,,,,,,,,,,,,,,,,,,,,,,,,,,,,,,,,,,,,,,,,,,,,,,,,,,,
R154,,,,,,,,,,,,,,,,,,,,,,,,,,,,,,,,,,,,,,,,,,,,,,,,,,,,,,,,,,,,,,,,
R155,,,,,,,,,,,,,,,,,,,,,,,,,,,,,,,,,,,,,,,,,,,,,,,,,,,,,,,,,,,,,,,,
R156,,,,,,,,,,*/dbˈos/,,,,,,,,,,,,,,,,,,,,,,,,,,,,,,,*/dbˈodeki/,,,,,,,,,,,,,,,,,,,,,,,
R157,,,,,,,,,,,,,,,,,,,,,,,,,,,,,,,,,,,,,,,,,,,,,,,,,,,,,,,,,,,,,,,,
R158,,,,,,,,,,,,,,,,,,,,,,,,,,,,,,,,,,,,,,,,,,,,,,,,,,,,,,,,,,,,,,,,
R159,,,,,,,,,,,,,,,,,,,,,,,,,,,,,,,,,,,,,,,,,,,,,,,,,,,,,,,,,,,,,,,,
R160,,,,,,,,,,,,,,,,,,,,,,,,,,,,,,,,,,,,,,,,,,,,,,,,,,,,,,,,,,,,,,,,
R161,,,,,,,,,,,,,,,,,,,,,*/pˈattro/,,*/parrˈante/,,*/kˈinke/,*/kˈintu/,*/kinˈajru/,,,,,,,*/optˈau/,*/nˈoe/,,,,,,,,*/pattˈordeki/,*/kˈindeki/,,,,*/undeiɡˈenti/,,,,,*/parraɡˈenta/,*/parraɡˈesema/,*/kimpaɡˈenta/,*/kimpaɡˈesema/,,,,,,,,
R162,,,,,,,,,,,,,,,,,,,,,,,,,,,,,,,,,,,,,,,,,,,,,,,,,,,,,,,,,,,,,,,,
R163,,,,,,,,,,,,,,,,,,,,,,,,,,,,,,,,,,,,,,,,,,,,,,,,,,,,,,,,,,,,,,,,
R164,,,,,,,,,,,,,,*/demˈɛd͡zu/,*/med͡ʒetˈate/,,,,,,*/pˈatro/,,,,,,,,,,,,,,,,,,,,,,*/patˈordeki/,,,*/det͡ʃetsˈɛpte/,*/det͡ʃetˈopto/,,,,,,,,,,*/sesaɡˈenta/,,,,,,,
R165,,,,,,,,,,,,,,,,,,,,,,,,,*/t͡ʃˈint͡ʃe/,*/t͡ʃˈintu/,*/t͡ʃinˈajru/,,,,,,,,,,*/dˈɛt͡ʃe/,*/dˈɛt͡ʃemu/,,*/ˈundet͡ʃi/,*/dbˈodet͡ʃi/,*/trˈedet͡ʃi/,*/patˈordet͡ʃi/,*/t͡ʃˈindet͡ʃi/,*/sˈedet͡ʃi/,,,,,*/vit͡ʃˈesemu/,,*/t̪rit͡ʃˈesemu/,,,*/t͡ʃimpaɡˈenta/,*/t͡ʃimpaɡˈesema/,,,,,*/t͡ʃˈɛntu/,*/t͡ʃentˈesemu/,,
R166,,,,,,,,,,,,,,,,,,,,,,,,,,,,,,,,,,,,,,,,,,,,,,,,*/undeid͡ʒˈenti/,*/vid͡ʒˈenti/,,*/trid͡ʒˈenta/,,*/parrad͡ʒˈenta/,*/parrad͡ʒˈesema/,*/t͡ʃimpad͡ʒˈenta/,*/t͡ʃimpad͡ʒˈesema/,*/sesad͡ʒˈenta/,*/septad͡ʒˈenta/,*/optad͡ʒˈenta/,*/nonad͡ʒˈenta/,,,,
R167,,,,,,,,,,*/dbˈoj/,*/dˈaj/,,,,,*/trˈej/,,,,,,,,,,,,,,,,,,,,,,,,,,,,,,,,,,,,,,,,,,,,,,,,
R168,,,,,,,,,,,,,,,,,,,,,,,,,,,,*/sˈɛp/,,,,,,,,,,,,,,,,,,,,,,,,,,,,,,,,,,,,
=Balkan Romance,null*/ˈunu/,null*/ˈuna/,null*/unu/,null*/una/,null*/prˈimu/,null*/primˈajru/,null*/sˈenɡulu/,null*/sˈemplu/,null*/ˈen̪t̪reɡu/,null*/dbˈoj/,null*/dˈaj/,null*/sekˈundu/,null*/dˈuplu/,null*/demˈɛd͡zu/,null*/med͡ʒetˈate/,null*/trˈej/,null*/tˈɛrt͡su/,null*/trˈeplu/,null*/trjˈɛnte/,null*/trentˈajru/,null*/pˈatro/,null*/kˈartu/,null*/parrˈante/,null*/kartˈajru/,null*/t͡ʃˈint͡ʃe/,null*/t͡ʃˈintu/,null*/t͡ʃinˈajru/,null*/sˈɛp/,null*/sˈɛstu/,null*/sestˈajru/,null*/sˈɛpte/,null*/sˈɛptemu/,null*/ˈopto/,null*/optˈau/,null*/nˈoe/,null*/nˈonu/,null*/dˈɛt͡ʃe/,null*/dˈɛt͡ʃemu/,null*/denˈajru/,null*/ˈundet͡ʃi/,null*/dbˈodet͡ʃi/,null*/trˈedet͡ʃi/,null*/patˈordet͡ʃi/,null*/t͡ʃˈindet͡ʃi/,null*/sˈedet͡ʃi/,null*/det͡ʃetsˈɛpte/,null*/det͡ʃetˈopto/,null*/undeid͡ʒˈenti/,null*/vid͡ʒˈenti/,null*/vit͡ʃˈesemu/,null*/trid͡ʒˈenta/,null*/t̪rit͡ʃˈesemu/,null*/parrad͡ʒˈenta/,null*/parrad͡ʒˈesema/,null*/t͡ʃimpad͡ʒˈenta/,null*/t͡ʃimpad͡ʒˈesema/,null*/sesad͡ʒˈenta/,null*/septad͡ʒˈenta/,null*/optad͡ʒˈenta/,null*/nonad͡ʒˈenta/,null*/t͡ʃˈɛntu/,null*/t͡ʃentˈesemu/,null*/mˈille/,null*/millˈesemu/
R169,,,,,*/pɾˈimu/,*/pɾimˈajɾu/,,,*/ˈen̪t̪ɾeɡu/,,,,,,,*/tɾˈej/,*/tˈɛɾt͡su/,*/tɾˈeplu/,*/tɾjˈɛnte/,*/tɾentˈajɾu/,*/pˈatɾo/,*/kˈaɾtu/,*/paɾɾˈante/,*/kaɾtˈajɾu/,,,*/t͡ʃinˈajɾu/,,,*/sestˈajɾu/,,,,,,,,,*/denˈajɾu/,,,*/tɾˈedet͡ʃi/,*/patˈoɾdet͡ʃi/,,,,,,,,*/tɾid͡ʒˈenta/,*/t̪ɾit͡ʃˈesemu/,*/paɾɾad͡ʒˈenta/,*/paɾɾad͡ʒˈesema/,,,,,,,,,,
R170,,,,,,,,,,,,,,,,,,,,,,,*/parrˈante/,,,,,,,,,,,,,,,,,,,,,,,,,,,,,,*/parrad͡ʒˈenta/,*/parrad͡ʒˈesema/,,,,,,,,,,
R171,,,,,,,,,,,,,,,,,,,,,,,,,,,,,,,,,,,,,,,,,,,,,,,,,,,,,,,,,,,,,,,,
R172,,,,,,,,,,,,,,,,,,,*/tɾjˈente/,,,,,,,,,,,,,,,,,,,,,,,,,,,,,,,,,,,,,,,,,,*/t͡ʃˈentu/,,,
R173,,,,,,,,,,,,,,,,,,,,,,,,,,,,,,,,,,,,,,,,,,,,,,,,,,,,,,,,,,,,,,,,
R174,,,,,,,,,,,,,,,,,*/tjˈɛɾt͡su/,,,,,,,,,,,*/sjˈɛp/,*/sjˈɛstu/,,*/sjˈɛpte/,*/sjˈɛptemu/,,,,,*/djˈɛt͡ʃe/,*/djˈɛt͡ʃemu/,,,,,,,,,,,,,,,,,,,,,,,,,,
R175,,,,,,,,,,,,,,*/demjˈɛd͡zu/,,,,,,,,,,,,,,,,,,,,,,,,,,,,,,,,,,,,,,,,,,,,,,,,,,
R176,,,,,,,,,,,,,,,,,,,,,,,,,,,,,,,,,,,,,,,,,,,,,,,,,,,,,,,,,,,,,,,,
R177,,,,,,,,,,,,,,,,,,,,,,,,,,,,,,,,,,,,,,,,,,,,,,,,,,,,,,,,,,,,,,,,
R178,,,,,,,,,,,,,,*/demjˈed͡zu/,,,*/tjˈeɾt͡su/,,,,,,,,,,,*/sjˈep/,*/sjˈestu/,,*/sjˈepte/,*/sjˈeptemu/,,,,,*/djˈet͡ʃe/,*/djˈet͡ʃemu/,,,,,,,,*/det͡ʃetsˈepte/,,,,,,,,,,,,,,,,,,
R179,,,,,,,,,,,,,,,,,,,,,,,,,,,,,,,,,,,,,,,,,,,,,,,,,,,,,,,,,,,,,,,,
R180,,,,,,,,,,,,,,,,,,,,,*/pˈatɾu/,,,,,,,,,,,,*/ˈoptu/,,,,,,,,,,,,,,*/det͡ʃetˈoptu/,,,,,,,,,,,,,,,,,
R181,,,,,,,,,,,,,,,,,,,,,,,,,,,,,,,,,,,,,,,,,,,,,,,,,,,,,,,,,,,,*/nunad͡ʒˈenta/,,,,
R182,,,,,,,,,,,,,,,,,,,,,,,,,,,,,,,,,,,,,,,,,,,,,,,,,,,,,,,,,,,,,,,,
R183,,,,,,,,,,,,,,,,,,,,,,,,,,,,,,,,,,,,,,,,,,,,,,,,,,,,,,,,,,,,,,,,
R184,,,,,,,,,,,,,,,,,,,,,,,,,,,,,,,,,,,,,,,,,,,,,,,,,,,,,,,,,,,,,,,,
R185,,,,,,,,,,,,,,,,,,,,,,,,,,,,,,,,,,,,,,,,,,,,,,,,,,,,,,,,,,,,,,,,
R186,,,,,,,,,,,,,,,,,,,,,,,,,,,,,,,,,,,,,,,,,,,,,,,,,,,,,,,,,,,,,,,,
R187,,,,,,,,,,,,,,,,,,,,,,,,,,,,,,,,,,,,,,,,,,,,,,,,,,,,,,,,,,,,,,,,
R188,,,,,,,,,,,,,,,,,,,,,,,,,,,,,,,,,,,,,,,,,,,,,,,,,,,,,,,,,,,,,,,,
R189,,,,,,,,,,,,,,,,,,,,,,,,,,,,,,,,,,,,,,,,,,,,,,,,,,,,,,,,,,,,,,,,
R190,,,,,,,,,,,,,,,,,,,,,,,,,,,,,,,,,,,,,,,,,,,,,,,,,,,,,,,,,,,,,,,,
R191,,,,,,,,,,,,,,,,,,,,,,,,,,,,,,,,,,,,,,,,,,,,,,,,,,,,,,,,,,,,,,,,
R192,,,,,,,,,,,,,,,,,,,,,,,,,,,,,,,,,,,,,,,,,,,,,,,,,,,,,,,,,,,,,,,,
R193,,,,,,,,,,,,,,,,,,,,,,,,,,,,,,,,,,,,,,,,,,,,,,,,,,,,,,,,,,,,,,,,
R194,,,,,,,,,,,,,,,,,,,,,,,,,,,,,,,,,,,,,,,,,,,,,,,,,,,,,,,,,,,,,,,,
R195,,,,,,,,,,,,,,,,,,,,,,,,,,,,,,,,,,,,,,,,,,,,,,,,,,,,,,,,,,,,,,,,
R196,,,,,,,*/sˈenɡuɾu/,,,,,,,,,,,,,,,,,,,,,,,,,,,,,,,,,,,,,,,,,,,,,,,,,,,,,,,,,
R197,,,,,,,,,,,,,,,,,,,,,,,,,,,,,,,,,,,,,,,,,,,,,,,,,,,,,,,,,,,,,,,,
R198,,,,,,,,,,,,,,,,,,,,,,,,,,,,,,,,,,,,*/nˈunu/,,,,,,,,,,,,,,,,,,,,,,,,,,,,
R199,,,,,,,,,,,,,,,,,,,,,,,,,,,,,,,,,,,,,,,,,,,,,,,,,,,,,,,,,,,,,,,,
R200,,,,,,,,,,,,,,,,,,,,,,,,,,,,,,,*/sjˈɛpte/,*/sjˈɛptemu/,,,*/nˈɔe/,,*/djˈɛt͡ʃe/,*/djˈɛt͡ʃemu/,,,*/dbˈɔdet͡ʃi/,*/tɾˈɛdet͡ʃi/,*/patˈɔɾdet͡ʃi/,,*/sˈɛdet͡ʃi/,*/det͡ʃetsˈɛpte/,,,,*/vit͡ʃˈɛsemu/,,*/t̪ɾit͡ʃˈɛsemu/,,*/parrad͡ʒˈɛsema/,,*/t͡ʃimpad͡ʒˈɛsema/,,,,,,*/t͡ʃentˈɛsemu/,,*/millˈɛsemu/
R201,,,,,,,,,,,,,,,,,,,,,,,,,,,,,,,,,,,,,,,,,,,,,,,,,,,,,,,,,,,,,,,,
R202,,,,,,,,,,,,,,,,,,,,,,,,,,,,,,,*/sjˈɛapte/,*/sjˈɛaptemu/,,,*/nˈɔae/,,*/djˈɛat͡ʃe/,*/djˈɛat͡ʃemu/,,,*/dbˈɔadet͡ʃi/,*/tɾˈɛadet͡ʃi/,*/patˈɔaɾdet͡ʃi/,,*/sˈɛadet͡ʃi/,*/det͡ʃetsˈɛapte/,,,,*/vit͡ʃˈɛasemu/,,*/t̪ɾit͡ʃˈɛasemu/,,*/parrad͡ʒˈɛasema/,,*/t͡ʃimpad͡ʒˈɛasema/,,,,,,*/t͡ʃentˈɛasemu/,,*/millˈɛasemu/
R203,,,,,,,,,,,,,,,,,,,,,,,,,,,,,,,*/sjˈɛˈapte/,*/sjˈɛˈaptemu/,,,*/nˈɔˈae/,,*/djˈɛˈat͡ʃe/,*/djˈɛˈat͡ʃemu/,,,*/dbˈɔˈadet͡ʃi/,*/tɾˈɛˈadet͡ʃi/,*/patˈɔˈaɾdet͡ʃi/,,*/sˈɛˈadet͡ʃi/,*/det͡ʃetsˈɛˈapte/,,,,*/vit͡ʃˈɛˈasemu/,,*/t̪ɾit͡ʃˈɛˈasemu/,,*/parrad͡ʒˈɛˈasema/,,*/t͡ʃimpad͡ʒˈɛˈasema/,,,,,,*/t͡ʃentˈɛˈasemu/,,*/millˈɛˈasemu/
R204,,,,,,,,,,,,,,,,,,,,,,,,,,,,,,,,,,,*/nˈɔˈawə/,,,,,,,,,,,,,,,,,,,,,,,,,,,,,
R205,,,,,,,,,,,,,,,,,,,,,,,,,,,,,,,*/sjɛ̯ˈapte/,*/sjɛ̯ˈaptemu/,,,*/nɔ̯ˈawə/,,*/djɛ̯ˈat͡ʃe/,*/djɛ̯ˈat͡ʃemu/,,,*/dbɔ̯ˈadet͡ʃi/,*/tɾɛ̯ˈadet͡ʃi/,*/patɔ̯ˈaɾdet͡ʃi/,,*/sɛ̯ˈadet͡ʃi/,*/det͡ʃetsɛ̯ˈapte/,,,,*/vit͡ʃɛ̯ˈasemu/,,*/t̪ɾit͡ʃɛ̯ˈasemu/,,*/parrad͡ʒɛ̯ˈasema/,,*/t͡ʃimpad͡ʒɛ̯ˈasema/,,,,,,*/t͡ʃentɛ̯ˈasemu/,,*/millɛ̯ˈasemu/
R206,,,,,,,,,,,,,,,,,,,,,,,,,,,,,,,*/sje̯ˈapte/,*/sje̯ˈaptemu/,,,*/no̯ˈawə/,,*/dje̯ˈat͡ʃe/,*/dje̯ˈat͡ʃemu/,,,*/dbo̯ˈadet͡ʃi/,*/tɾe̯ˈadet͡ʃi/,*/pato̯ˈaɾdet͡ʃi/,,*/se̯ˈadet͡ʃi/,*/det͡ʃetse̯ˈapte/,,,,*/vit͡ʃe̯ˈasemu/,,*/t̪ɾit͡ʃe̯ˈasemu/,,*/parrad͡ʒe̯ˈasema/,,*/t͡ʃimpad͡ʒe̯ˈasema/,,,,,,*/t͡ʃente̯ˈasemu/,,*/mille̯ˈasemu/
R207,,,,,,,,,,,,,,,,,,,,,,,,,,,,,,,,,,,,,,,,,,,,,,,,,,,,,,,,,,,,,,,,
R208,,,,,,,,,,,,,,,,,,,,,,,,,,,,,,,,,,,,,,,,,,,,,,,,,,,,,,,,,,,,,,,,
R209,,,,,,,,,,,,,,,,,,,,,,,*/parrˈənte/,,,,,,,,,,,,,,,,,,,,,,,,,,,,,,,,,,,,,,,,,
R210,,,,,,,,,,,,,,,,,,,,,,,,,,,,,,,,,,,,,,,,,,,,,,,,,,,,,,,,,,,,,,,,
R211,,,,,,,,,,,,,,,,,,,,,,,,,,,,,,,,,,,,,,,,,,,,,,,,,,,,,,,,,,,,,,,,
R212,,,,,,,,,,,,,,,,,,,,,,,,,,,,,,,,,,,,,,,,,,,,,,,,,,,,,,,,,,,,,,,,
R213,,,,,,,,,,,,,,,,,,,,,,,,,,,,,,,,,,,,,,,,,,,,,,,,,,,,,,,,,,,,,,,,
R214,,,,,,,,,,,,,,,,,,,,,,,,,,,,,,,,,,,,,,,,,,,,,,,,,,,,,,,,,,,,,,,,
R215,,,,,,,,,,,,,,,,,,,,,,,,,,,,,,,,,,,,,,,,,,,,,,,,,,,,,,,,,,,,,,,,
R216,,,,,,,,,,,,,,,,,,,,,,,,,,,,,,,,,,,,,,,,,,,,,,,,,,,,,,,,,,,,,,,,
R217,,,,,,,,,,,,,,,,,,,,,,,,,,,,,,,,,,,,,,,,,,,,,,,,,,,,,,,,,,,,,,,*/mˈile/,*/mile̯ˈasemu/
R218,,,,,,,,,,,,,,,,,,,,,,,,,,,,,,,,,,,,,,,,,,,,,,,,,,,,,,,,,,,,,,,,
R219,,,,,,,,,,,,,,,,,,,,,,,,,,,,,,,,,,,,,,,,,,,,,,,,,,,,,,,,,,,,,,,,
R220,,*/ˈunə/,,*/unə/,,,,,,,,,,,,,,,,,,,,,,,,,,,,,,,,,,,,,,,,,,,,,,,*/tɾid͡ʒˈentə/,,*/parrad͡ʒˈentə/,*/parrad͡ʒe̯ˈasemə/,*/t͡ʃimpad͡ʒˈentə/,*/t͡ʃimpad͡ʒe̯ˈasemə/,*/sesad͡ʒˈentə/,*/septad͡ʒˈentə/,*/optad͡ʒˈentə/,*/nunad͡ʒˈentə/,,,,
R221,,,,,,,,,,,,,,,,,,,,,,,*/pərrˈənte/,*/kəɾtˈajɾu/,,,,,,,,,,,,,,,,,,,*/pəto̯ˈaɾdet͡ʃi/,,,,,,,,,,*/pərrəd͡ʒˈentə/,*/pərrəd͡ʒe̯ˈasemə/,*/t͡ʃimpəd͡ʒˈentə/,*/t͡ʃimpəd͡ʒe̯ˈasemə/,*/sesəd͡ʒˈentə/,*/septəd͡ʒˈentə/,*/optəd͡ʒˈentə/,*/nunəd͡ʒˈentə/,,,,
R222,,,,,,,,,,,,,,,,,,,,,,,,,,,,,,,,,,,,,,,,,,,,,,,,,,,,,,,,,,,,,,,,
R223,,,,,,,,,,,,,,,,,,,,,,,,,,,,,,,,,,,,,,,,,,,,,,,,,,,,,,,,,,,,,,,,
R224,,,,,,,,,,,,,,,,,,,,,,,,,,,,,,,,,,,,,,,,,,,,,,,,,,,,,,,,,,,,,,,,
R225,,,,,,,,,,,,,,,,,,,,,,,,,,,,,,,,,,,,,,,,,,,,,,,,,,,,,,,,,,,,,,,,
R226,,,,,,,,,,,,,,,,,,,,,,,,,,,,,,,,,,,,,,,,,,,,,,,,,*/ved͡ʒˈenti/,*/vet͡ʃe̯ˈasemu/,*/tɾed͡ʒˈentə/,*/t̪ɾet͡ʃe̯ˈasemu/,,,,,,,,,,,,
R227,,,,,,,,,,,,,,,,,,,,,,,,,*/t͡ʃjˈint͡ʃe/,*/t͡ʃjˈintu/,*/t͡ʃjinˈajɾu/,,,,,,,,,,,,,*/ˈundet͡ʃji/,*/dbo̯ˈadet͡ʃji/,*/tɾe̯ˈadet͡ʃji/,*/pəto̯ˈaɾdet͡ʃji/,*/t͡ʃjˈindet͡ʃji/,*/se̯ˈadet͡ʃji/,,,*/undeid͡ʒˈentji/,*/ved͡ʒˈentji/,,,,,,*/t͡ʃjimpəd͡ʒˈentə/,*/t͡ʃjimpəd͡ʒe̯ˈasemə/,,,,,,,,
R228,,,,,,,,,,,,,,,,,,,,,,,,,,,,,,,,,,,,,,,,,,,,,,,,,,,,,,,,,,,,,,,,
R229,,,,,,,,,,,,,,,,,,,,,,,,,,,,*/ʃjˈep/,*/ʃjˈestu/,,*/ʃje̯ˈapte/,*/ʃje̯ˈaptemu/,,,,,,,,,,,,,,,,,,,,,,,,,,,,,,,,
R230,,,,,,,,,,,,,,,,,,,,,,,,,*/t͡ʃˈint͡ʃe/,*/t͡ʃˈintu/,*/t͡ʃinˈajɾu/,*/ʃˈep/,*/ʃˈestu/,,*/ʃe̯ˈapte/,*/ʃe̯ˈaptemu/,,,,,,,,*/ˈundet͡ʃi/,*/dbo̯ˈadet͡ʃi/,*/tɾe̯ˈadet͡ʃi/,*/pəto̯ˈaɾdet͡ʃi/,*/t͡ʃˈindet͡ʃi/,*/se̯ˈadet͡ʃi/,,,,,,,,,,*/t͡ʃimpəd͡ʒˈentə/,*/t͡ʃimpəd͡ʒe̯ˈasemə/,,,,,,,,
R231,,,,,,,,,,,,,,,,,*/t͡sjˈeɾt͡su/,,,,,,,,,,,,,,,,,,,,*/d͡zje̯ˈat͡ʃe/,*/d͡zje̯ˈat͡ʃemu/,,,,,,,,,,*/undeid͡ʒˈent͡sji/,*/ved͡ʒˈent͡sji/,,,,,,,,,,,,,,,
R232,,,,,,,,,,,,,,,,,,,,,,,,,,,,,,,,,,,,,,,,,,,,,,,,,,,,,,,,,,,,,,,,
R233,,,,,,,,,,,,,,,,,*/t͡sˈeɾt͡su/,,,,,,,,,,,,,,,,,,,,*/d͡ze̯ˈat͡ʃe/,*/d͡ze̯ˈat͡ʃemu/,,,,,,,,,,*/undeid͡ʒˈent͡si/,*/ved͡ʒˈent͡si/,,,,,,,,,,,,,,,
R234,,,,,,,,,,,,,,,,,,,,,,,,,,,,,,,,,,,,,,,,,,,,,,,,,,,,,,,,,,,,,,,,
R235,,,,,,,,,,,,,,,,,,,,,,,,,,,,,,,,,,,,,,,,,,,,,,,,,,,,,,,,,,,,,,,,
R236,,,,,,,,,,,,,,,,,,,,,,,,,,,,,,,,,,,,,,,,,,,,,,,,,,,,,,,,,,,,,,,,
R237,,,,,,,,,,,,,,,,,,,,,,,,,,,,,,,,,,,,,,,,,,,,,,,,,,,,,,,,,,,,,,,,
R238,,,,,,,,,,,,,,,,,,,,,,,,,,,,,,,,,,,,,,,,,,,,,,,,,,,,,,,,,,,,,,,,
R239,,,,,,,,,,,,,,,,,,,,,,,,,,,,,,,,,,,,,,,,,,,,,,,,,,,,,,,,,,,,,,,,
R240,,,,,,,,,,,,,,,,,,,,,,,,,,,,,,,,,,,*/no̯ˈa/,,,,,,,,,,,,,,,,,,,,,,,,,,,,,
R241,,,,,,,,,,,,,,,,,,,,,,,,,,,,,,,,,,,*/nˈow̥/,,,,,,,,,,,,,,,,,,,,,,,,,,,,,
R242,,,,,,,,,,,,,,,,,,,,,,,,,,,,,,,,,,,,,,,,,,,,,,,,,,,,,,,,,,,,,,,,
R243,,,,,,,,,,,,,,,,,,,,,,,,,,,,,,,,,,,,,,,,,,,,,,,,,,,,,,,,,,,,,,,,
R244,,,,,,,,,,,,,,,,,,,,,,,,,,,,,,,,,,,,,,,,,,,,,,,,,,,,,,,,,,,,,,,,
R245,,,,,,,,,,,,,,,,,,,,,,,,,,,,,,,,,,,,,,,,,,,,,,,,,,,,,,,,,,,,,,,,
R246,,,,,,,,,,,,,,,,,,,,,,,,,,,,,,,,,,,,,,,,,,,,,,,,,,,,,,,,,,,,,,,,
R247,,,,,,,,,,,,,,,,,,,,,,,,,,,,,,,,,,,,,,,,,,,,,,,,,,,,,,,,,,,,,,,,
R248,,,,,,,,,,,,,,,,,,,,,,,,,,,,,,,,,,,,,,,,,,,,,,,,,,,,,,,,,,,,,,,,
R249,,,,,,,,,,,,,,,,,,,,,,,*/pərrˈɨnte/,,,,,,,,,,,,,,,,,,,,,,,,,,,,,,,,,,,,,,,,,
R250,,,,,,,,,,,,,,,,,,,,,,,,,,,,,,,,,,,,,,,,,,,,,,,,,,,,,,,,,,,,,,,,
R251,,,,,,,,,,,,,,,,,,,,,,,,,,,,,,,,,,,,,,,,,,,,,,,,,,,,,,,,,,,,,,,,
R252,,,,,,,,,,,,,,,,,,,,,,,,,,,,,,,,,,,,,,,,,,,,,,,,,,,,,,,,,,,,,,,,
R253,,,,,,,,,,,,,,,,,,,,,,,,,,,,,,,,,,,,,,,,,,,,,,,,,,,,,,,,,,,,,,,,
R254,,,,,,,,,,,,,,,,,,,,,,,,,,,,,,,,,,,,,,,,,,,,,,,,,,,,,,,,,,,,,,,,
R255,,,,,,,,,,,,,,,,,,,,,,,,,,,,,,,,,,,,,,,,,,,,,,,,,,,,,,,,,,,,,,,,
R256,,,,,,,,,,,,,,,,,,,,,,,,,,,,,,,,,,,,,,,,,,,,,,,,,,,,,,,,,,,,,,,,
R257,,,,,,,,,,,,,,,,,,,,,,,,,,,,,,,,,,,,,,,*/dənˈajɾu/,,,,,,,,,,,,,,,,,,,,,,,,,
R258,,,,,,,,,,,,,,*/dimjˈed͡zu/,,,,,,*/tɾintˈajɾu/,,,,,,,,,,,,*/ʃe̯ˈaptimu/,,,,,,*/d͡ze̯ˈat͡ʃimu/,,,,,,,,,,,,*/vet͡ʃe̯ˈasimu/,,*/t̪ɾet͡ʃe̯ˈasimu/,,*/pərrəd͡ʒe̯ˈasimə/,,*/t͡ʃimpəd͡ʒe̯ˈasimə/,,,,,,*/t͡ʃinte̯ˈasimu/,,*/mile̯ˈasimu/
R259,,,,,,,,,,,,,,,,,,,,,,,,,,,,,,,,,,,,,,,,,,,,,,,,,,,,,,,,,,,,,,,,
R260,,,,,,,,,,,,,,,,,,,,,,,,,,,,,,,,,,,,,,,,,,,,,,,,,,,,,,,,,,,,,,,,
R261,,,,,,,,,,,,,,,,,,,,,,,,,,,,,,,,,,,,,,,,,,,,,,,,,,,,,,,,,,,,,,,,
R262,,,,,,,*/sˈinɡuɾu/,*/sˈimplu/,*/ˈin̪t̪ɾeɡu/,,,,,,,,,,*/tɾjˈinte/,,,,,,,,,,,,,,,,,,,,,,,,,,,,,*/undeid͡ʒˈint͡si/,*/ved͡ʒˈint͡si/,,*/tɾed͡ʒˈintə/,,*/pərrəd͡ʒˈintə/,,*/t͡ʃimpəd͡ʒˈintə/,,*/sesəd͡ʒˈintə/,*/septəd͡ʒˈintə/,*/optəd͡ʒˈintə/,*/nunəd͡ʒˈintə/,*/t͡ʃˈintu/,,,
R263,,,,,,,,,,,,,,,,,,,,,,,,,,,,,,,,,,,,,,,,,,,,,,,,,,,,,,,,,,,,,,,,
R264,,,,,,,,,,,,,,,,,,,,,,,,,,,,,,,,,,,,,,,,,,,,,,,,,,,,,,,,,,,,,,,,
R265,,,,,,,,,,,,,,,,,,,,,,,,,,,,,,,,,,,,,,,,,,,,,,,,,,,,,,,,,,,,,,,,
R266,,,,,,,,,,,,,,,,,,,,,,,,,,,,,,,,,,,,,,,,,,,,,,,,,,,,,,,,,,,,,,,,
R267,,,,,,,,,,,,,,,,,,,,,,,,,,,,,,,,,,,,,,,,,,,,,,,,,,,,,,,,,,,,,,,,
R268,,,,,,,,,,,,,,,,,,,,,,,,,,,,,,,,,,,,,,,,,,,,,,,,,,,,,,,,,,,,,,,,
R269,,,,,,,,,,,,,,,,,,,,,,,,,,,,,,,,,,,,,,,,,,,,,,,,,,,,,,,,,,,,,,,,
R270,,,,,,,,,,,,,,,,,,,,,,,,,,,,,,,,,,,,,,,,,,,,,,,,,,,,,,,,,,,,,,,,
R271,,,,,,,,,,,,,,,,,,,,,,,,*/kɨɾtˈajɾu/,,,,,,,,,,,,,,,,,,,,,,,,,,,,,,,,,,,,,,,,
R272,,,,,,,,,,,,,,*/dimjˈezu/,,,,,,,,,,,,,,,,,,,,,,,*/ze̯ˈat͡ʃe/,*/ze̯ˈat͡ʃimu/,,,,,,,,,,,,,,,,,,,,,,,,,,
R273,,,,,,,,,,,,,,,,,,,,,,,,,,,,,,,,,,,,,,,,,,,,,,,,,,,,,,,,,,,,,,,,
R274,,,,,,,,,,,,,,,,,,,,,,,,,,,,,,,,,,,,,,,,,,,,,,,,,,,,,,,,,,,,,,,,
R275,,,,,,,,,,,,,,,,,,,,,,,,,,,,,,,,,,,,,,,,,,,,,,,,,,,,,,,,,,,,,,,,
R276,,,,,,,,,,,,,,,,,,,,,,,,,,,,,,,,,,,,,,,,,,,,,,,,,,,,,,,,,,,,,,,,
R277,,,,,,,,,,,,,,,,,,,,,,,,,,,,,,,,,,,,,,,,,,,,,,,,,,,,,,,,,,,,,,,,
R278,,,,,,,,,,,,,,,,,,,,,,,,,,,,,,,,,,,,,,,,,,,,,,,,,,,,,,,,,,,,,,,,
R279,,,,,,,,,,,,,,,,,,,,,,,,,,,,,,,*/ʃˈapte/,*/ʃˈaptimu/,,,,,,,,,,,,,,,,,,,,,,,,,,,,,,,,
R280,,,,,,,,,,,,,,,,,,,,,,,,,,,,,,,,,,,,,,,,,,,,,,,,,,,,,,,,,,,,,,,,
R281,,,,,,,,,,,,,,,,,,,,,,,,,,,,,,,,,,,,,,,,,,,,,,,,,,,,,,,,,,,,,,,,
R282,,,,,,,,,,,,,,,,,,,,,,,,,,,,,,,,,,,,,,,,,,,,,,,,,,,,,,,,,,,,,,,,
R283,,,,,,,,,,,,,,,,,,,,,,,,,,,,,,,,,,,,,,,,,,,,,,,,,,,,,,,,,,,,,,,,
R284,,,,,,,,,,,,,,,,,,,,,,,,,,,,,,,,,,,,,,,,,,,,,,,,,,,,,,,,,,,,,,,,
R285,,,,,,,,,,,,,,,,,,,,,,,,,,,,,,,,,,,,,*/zˈet͡ʃe/,*/zˈet͡ʃimu/,,,,*/tɾˈedet͡ʃi/,,,*/sˈedet͡ʃi/,*/det͡ʃetsˈepte/,,,,*/vet͡ʃˈesimu/,,*/t̪ɾet͡ʃˈesimu/,,*/pərrəd͡ʒˈesimə/,,*/t͡ʃimpəd͡ʒˈesimə/,,,,,,*/t͡ʃintˈesimu/,,*/milˈesimu/
R286,,,,,,,,,,,,,,,,,,,,,,,,,,,,,,,,,,,,,,,,,,,,,,,,,,,,,,,,,,,,,,,,
R287,,,,,,,,,,,,,,,,,,,,,,,,,,,,,,,,,,,,,,,,,,,,,,,,,,,,,,,,,,,,,,,,
R288,,,,,,,,,,,,,,,,,,,,,,,,,,,,,,,,,,,,,,,,,,,,,,,,,,,,,,,,,,,,,,,,
R289,,,,,,,,,,,,,,,,,,,,,,,,,,,,,,,,,,,,,,,,,,,,,,,,,,,,,,,,,,,,,,,,
R290,,,,,,,,,,,,,,,,,,,*/tɾˈinte/,,,,,,,,,,,,,,,,,,,,,,,,,,,,,,,,,,,,,,,,,,,,,
R291,,,,,,,,,,,,,,,,,,,,,,,,,,,,,,,,,,,,,,,,,,,,,,,,,,,,,,,,,,,,,,,,
R292,,,,,,,,,,,,,,,,,,,,,,,,,,,,,,,,,,,,,,,,,,,,,,,,,,,,,,,,,,,,,,,,
R293,,,,,,,,,,,,,,,,,,,,,,,,,,,,,,,,,,,,,,,,,,,,,,,,,,,,,,,,,,,,,,,,
R294,,,,,,,,,,,,,,,,,,,,,,,,,,,,,,,,,,,,,,,,,,,,,,,,,,,,,,,,,,,,,,,,
R295,,,,,,,,,,,,,,,,,,,,,,,*/pəɾˈɨnte/,,,,,,,,,,,,,,,,,,,,,,,,,,,,,,*/pəɾəd͡ʒˈintə/,*/pəɾəd͡ʒˈesimə/,,,,,,,,,,
R296,,,,,,,,,,,,,,,,,,,,,,,,,,,,,,,,,,,,,,,,,,,,,,,,,,,,,,,,,,,,,,,,
R297,,,,,,,,,,,,,,,,,,,,,,,,,,,,,,,,,,,,,,,,,,,,,,,,,,,,,,,,,,,,,,,,
R298,,,,,,,,,,,,,,,,,,,,,,,,,,,,,,,,,,,,,,,,,,,,,,,,,,,,,,,,,,,,,,,,
R299,,,,,,,,,,,,,,,,,,,,,,,,,,,,,,,,,,,,,,,,,,,,,,,,,,,,,,,,,,,,,,,,
R300,,,,,*/prˈimu/,*/primˈajru/,*/sˈinɡuru/,,*/ˈin̪t̪reɡu/,,,,,,,*/trˈej/,*/t͡sˈert͡su/,*/trˈeplu/,*/trˈinte/,*/trintˈajru/,*/pˈatru/,*/kˈartu/,*/pərˈɨnte/,*/kɨrtˈajru/,,,*/t͡ʃinˈajru/,,,*/sestˈajru/,,,,,,,,,*/dənˈajru/,,,*/trˈedet͡ʃi/,*/pəto̯ˈardet͡ʃi/,,,,,,,,*/tred͡ʒˈintə/,*/t̪ret͡ʃˈesimu/,*/pərəd͡ʒˈintə/,*/pərəd͡ʒˈesimə/,,,,,,,,,,
R301,,,,,,,,,,,,,,,,,,,,,,,,,,,,,,,,,,,,,,,,,,,,,,,,,,,,,,,,,,,,,,,,
R302,,,,,,,,,,,,,,,,,,,,,,,,,,,,,,,,,,,,,,,,,,,,,,,,,,,,,,,,,,,,,,,,
R303,,,,,,,,,,,,,,,,,,,,,,,,,,,,,,,,,,,,,,,,,,,,,,,,,,,,,,,,,,,,,,,,
R304,,,,,,,,*/sˈimplw/,,,,,*/dˈuplw/,,,,,*/trˈeplw/,,,*/pˈatrw/,,,,,,,,,,,,,,,,,,,,,,,,,,,,,,,,,,,,,,,,,,,
R305,*/ˈunw̥/,,*/unw̥/,,*/prˈimw̥/,*/primˈajrw̥/,*/sˈinɡurw̥/,,*/ˈin̪t̪reɡw̥/,,,*/sekˈundw̥/,,*/dimjˈezw̥/,,,*/t͡sˈert͡sw̥/,,,*/trintˈajrw̥/,,*/kˈartw̥/,,*/kɨrtˈajrw̥/,,*/t͡ʃˈintw̥/,*/t͡ʃinˈajrw̥/,,*/ʃˈestw̥/,*/sestˈajrw̥/,,*/ʃˈaptimw̥/,*/ˈoptw̥/,*/optˈaw̥/,,*/nˈunw̥/,,*/zˈet͡ʃimw̥/,*/dənˈajrw̥/,*/ˈundet͡ʃj̊/,*/dbo̯ˈadet͡ʃj̊/,*/trˈedet͡ʃj̊/,*/pəto̯ˈardet͡ʃj̊/,*/t͡ʃˈindet͡ʃj̊/,*/sˈedet͡ʃj̊/,,*/det͡ʃetˈoptw̥/,*/undeid͡ʒˈint͡sj̊/,*/ved͡ʒˈint͡sj̊/,*/vet͡ʃˈesimw̥/,,*/t̪ret͡ʃˈesimw̥/,,,,,,,,,*/t͡ʃˈintw̥/,*/t͡ʃintˈesimw̥/,,*/milˈesimw̥/
R306,,,,,,,,,,,,,,,,,,,,,,,,,,,,,,,,,,,,,,,,,,,,,,,,,,,,,,,,,,,,,,,,
R307,,,,,,,,,,,,,,,,,,,,,,,,,,,,,,,,,,,,,,,,,,,,,,,,,,,,,,,,,,,,,,,,
R308,*/ˈun/,,*/un/,,*/prˈim/,*/primˈajr/,*/sˈinɡur/,,*/ˈin̪t̪reɡ/,,,*/sekˈund/,,*/dimjˈez/,,,*/t͡sˈert͡s/,,,*/trintˈajr/,,*/kˈart/,,*/kɨrtˈajr/,,*/t͡ʃˈint/,*/t͡ʃinˈajr/,,*/ʃˈest/,*/sestˈajr/,,*/ʃˈaptim/,*/ˈopt/,,,*/nˈun/,,*/zˈet͡ʃim/,*/dənˈajr/,,,,,,,,*/det͡ʃetˈopt/,,,*/vet͡ʃˈesim/,,*/t̪ret͡ʃˈesim/,,,,,,,,,*/t͡ʃˈint/,*/t͡ʃintˈesim/,,*/milˈesim/
R309,,,,,,,,,,,,,,,,,,,,,,,,,,,,,,,,,,,,,,,,,,,,,,,,,,,,,,,,,,,,,,,,
R310,,,,,,,,*/sˈimplu/,,,,,*/dˈuplu/,,,,,*/trˈeplu/,,,*/pˈatru/,,,,,,,,,,,,,*/optˈaw/,*/nˈow/,,,,,*/ˈundet͡ʃj/,*/dbo̯ˈadet͡ʃj/,*/trˈedet͡ʃj/,*/pəto̯ˈardet͡ʃj/,*/t͡ʃˈindet͡ʃj/,*/sˈedet͡ʃj/,,,*/undeid͡ʒˈint͡sj/,*/ved͡ʒˈint͡sj/,,,,,,,,,,,,,,,
R311,,,,,,,,,,,,,,,,,,,,,,,,,,,,,,,,,,,,,,,,,,,,,,,,,,,,,,,,,,,,,,,,
R312,,,,,,,,,,,,,,,,,,,,,,,,,,,,,,,,,,,,,,,,,,,,,,,,,,,,,,,,,,,,,,,,
R313,,,,,,,,,,,,,,,,,,,,,,,,,,,,,,,,,,,,,,,,,,,,,,,,,,,,,,,,,,,,,,,,
R314,,,,,,*/primˈar/,,,,,,,,,,,,,,*/trintˈar/,,,,*/kɨrtˈar/,,,*/t͡ʃinˈar/,,,*/sestˈar/,,,,,,,,,*/dənˈar/,,,,,,,,,,,,,,,,,,,,,,,,,
R315,,,,,,,,,,,,,,,,,,,,,,,,,,,,,,,,,,,,,,,,,,,,,,,,,,,,,,,,,,,,,,,,
R316,,,,,,,,,,,,,,,,,,,,,,,,,,,,,,,,,,,,,,,,,,,,,,,,,,,,,,,,,,,,,,,,
R317,,,,,,,,,,,,,,,,,,,,,,,,,,,,,,,,,,,,,,,,,,,,,,,,,,,,,,,,,,,,,,,,
R318,,,,,,,,,,,,,,,,,,,,,,,,,,,,,,,,,,,,,,,,,,,,,,,,,,,,,,,,,,,,,,,,
R319,,,,,,,,,,,,,,,,,,,,,,,,,,,,,,,,,,,,,,,,,,,,,,,,,,,,,,,,,,,,,,,,
R320,,,,,,,,,,,,,,,,,,,,,,,,,,,,,,,,,,,,,,,,,,,,,,,,,,,,,,,,,,,,,,,,
R321,,,,,,,,,,,,,,,,,,,,,,,,,,,,,,,,,,,,,,,,,,,,,,,,,,,,,,,,,,,,,,,,
R322,,,,,,,,,,,,,,,,,,,,,,,,,,,,,,,,,,,,,,,,,,,,,,,,,,,,,,,,,,,,,,,,
R323,,,,,,,,,,,,,,,,,,,,,,,,,,,,,,,,,,,,,,,,,,,,,,,,,,,,,,,,,,,,,,,,
R324,,,,,,,,,,,,,,,,,,,,,,,,,,,,,,,,,,,,,,,,,,,,,,,,,,,,,,,,,,,,,,,,
R325,,,,,,,,,,,,,,,,,,,,,,,,,,,,,,,,,,,,,,,,,,,,,,,,,,,,,,,,,,,,,,,,
R326,,,,,,,,,,,,,,,,,,,,,,,,,,,,,,,,,,,,,,,,,,,,,,,,,,,,,,,,,,,,,,,,
R327,,,,,,,,,,,,,,,,,,,,,,,,,,,,,,,,,,,,,,,,,,,,,,,,,,,,,,,,,,,,,,,,
R328,,,,,,,,,,,,,,,,,,,,,,,,,,,,,,,,,,,,,,,,,,,,,,,,,,,,,,,,,,,,,,,,
R329,,,,,,,,,,,,,,,,,,,,,,,,,,,,,,,,,,,,,,,,,,,,,,,,,,,,,,,,,,,,,,,,
R330,,,,,,,,,,,,,,,,,,,,,,,,,,,,,,,,,,,,,,,,,,,,,,,,,,,,,,,,,,,,,,,,
R331,,,,,,,,,,,,,,,,,,,,,,,,,,,,,,,,,,,,,,,,,,,,,,,,,,,,,,,,,,,,,,,,
R332,,,,,,,,,,,,,,,,,,,,,,,,,,,,,,,,,,,,,,,,,,,,,,,,*/undeind͡ʒˈint͡sj/,,,,,,,,,,,,,,,,
R333,,,,,,,,,,,,,,,,,,,,,,,,,,,,,,,,,,,,,,,,,,,,,,,,,,,,,,,,,,,,,,,,
R334,,,,,,,,,,,,,,,,,,,,,,,,,,,,,,,,,,,,,,,,,,,,,,,,,,,,,,,,,,,,,,,,
R335,,,,,,,,,,,,,,,,,,,,,,,,,,,,,,,,,,,,,,,,,,,,,,,,,,,,,,,,,,,,,,,,
R336,,,,,,,,,,,,,,,,,,,,,,,,,,,,,,,,,,,,,,,,,,,,,,,,,,,,,,,,,,,,,,,,
R337,,,,,,,,,,,,,,,,,,,,,,,,,,,,,,,,,,,,,,,,,,,,,,,,,,,,,,,,,,,,,,,,
R338,,,,,,,,,,,,,,,,,,,,,,,,,,,,,,,,,,,,,,,,,,,,,,,,,,,,,,,,,,,,,,,,
R339,,,,,,,,,,,,,,,,,,,,,,,,,,,,,,,,,,,,,,,,,,,,,,,,,,,,,,,,,,,,,,,,
R340,,,,,,,,,,,,,,,,,,,,,,,,,,,,,,,,,,,,,,,,,,,,,,,,,,,,,,,,,,,,,,,,
R341,,,,,,,,,,,,,,,,,,,,,,,,,,,,,,,,,,,,,,,,,,,,,,,,,,,,,,,,,,,,,,,,
R342,,,,,,,,,,,,,,,,,,,,,,,,,,,,,,,,,,,,,,,,,,,,,,,,,,,,,,,,,,,,,,,,
R343,,,,,,,,,,,,,,,,,,,,,,,,,,,,,,,,,,,,,,,,,,,,,,,,,,,,,,,,,,,,,,,,
R344,,,,,,,,,,,,,,*/demjˈez/,,,,,,,,,,,,,,,,,,,,,,,,,,,,,,,,,,,,,,,,,,,,,,,,,,
R345,,,,,,*/premˈar/,,,,,,,,,,,,,,,,,,,,,,,,,,,,,,,,,,,,,,,,,,,,,,,,,,,,,,,,,,
R346,,,,,,,,,,,,,,,,,,,,,,,,,,,,,,,,,,,,,,,,,,,,,,,,,,*/vet͡ʃˈesem/,,*/t̪ret͡ʃˈesem/,,*/pərəd͡ʒˈesemə/,,*/t͡ʃimpəd͡ʒˈesemə/,,,,,,*/t͡ʃintˈesem/,,*/milˈesem/
R347,,,,,,,,,,,,,,,,,,,,,,,,,,,,,,,,,,,,,,,,,,,,,,,,,,,,,,,,,,,,,,,,
R348,,,,,,,,,,,,,,,,,,,,,,,,,,,,,,,,,,,,,,,,,,,,,,,,,,,,,,,,,,,,,,,,
R349,,,,,,,,,,,,,,,,,,,,,,,,,,,,,,,,,,,,,,,,,,,,,,,,,,,,,,,,,,,,,,,,
R350,,,,,,,,,,,,,,,,,,,,,,,,,,,,,,,,,,,,,,,,,,,,,,,,*/undejnd͡ʒˈint͡sj/,,,,,,,,,,,,,,,,
R351,,,,,,,,,,,,,,,,,,,,,,,,,,,,,,,,,,,,,,,,,,,,,,,,,,,,,,,,,,,,,,,,
R352,,,,,,,,,,,,,,,,,,,,,,,,,,,,,,,,,,,,,,,,,,,,,,,,,,,,,,,,,,,,,,,,
R353,,,,,,,,,,,,,,,,,,,,,,,,,,,,,,,,,,,,,,,,,,,,,,,,,,,,,,,,,,,,,,,,
R354,,,,,,,,,,,,,,,,,,,,,,,,,,,,,,,,,,,,,,,,,,,,,,,,,,,,,,,,,,,,,,,,
null,null,null,null,null,null,null,null,null,null,null,null,null,null,null,null,null,null,null,null,null,null,null,null,null,null,null,null,null,null,null,null,null,null,null,null,null,null,null,null,null,null,null,null,null,null,null,null,null,null,null,null,null,null,null,null,null,null,null,null,null,null,null,null,null
