INPUT,/藞u藧n酞um/,/藞u藧n酞蓱m/,/藢u藧n酞um/,/藢u藧n酞蓱m/,/pr藞i藧mum/,/pr藢i藧m藞蓱藧rium/,/s藞implum/,/藞in酞t酞e伞rum/,/d酞u藞o/,/d酞u藞o藧s/,/d酞藞uae摊/,/d酞藞u蓱藧s/,/s藢ek藞un酞d酞um/,/d酞藞uplum/,/m藞ed酞ium/,/m藢ed酞iet酞藞蓱藧t酞em/,/tr藞e藧s/,/t酞藞ert酞ium/,/tr藞iplum/,/tr藢i藞entem/,/t藢erti藞蓱藧rium/,/kw藞蓱t酞t酞uor/,/kw藞蓱藧rt酞um/,/kw藢蓱藧t酞藞ern酞um/,/kw藢蓱d酞r藞蓱n酞t酞em/,/kw藢蓱藧rt酞藞蓱藧rium/,/kw藞i藧n酞kwe/,/kw藞i藧n酞t酞um/,/kw藢i藧n藞蓱藧rium/,/s藞eks/,/s藞ekst酞um/,/s藞ekst酞um/,/s藢ekst酞藞蓱藧rium/,/s藞ept酞em/,/s藞ept酞imum/,/s藢ept酞藞e藧num/,/藞okt酞o藧/,/藢okt酞藞蓱藧wum/,/藢okt酞藞蓱n酞t酞em/,/n酞藞owem/,/n酞藞o藧n酞um/,/n酞藢ow藞e藧n酞um/,/d酞藞ekem/,/d酞藞ekimum/,/d酞藢e藧k藞e藧num/,/d酞藢e藧n酞藞蓱藧rium/,/藞un酞d酞ekim/,/d酞u藞od酞ekim/,/t酞r藞e藧d酞ekim/,/kw藢蓱t酞t酞u藞ord酞ekim/,/kw藞i藧n酞d酞ekim/,/s藞e藧d酞ekim/,/d酞藢e藧kiet酞s藞ept酞em/,/d藢e藧kiet藞okto藧/,/藢u藧nde藧w藢i藧伞藞inti/,/w藢i藧伞藞in酞t酞i/,/w藢i藧k藞e藧n酞simum/,/t酞藞r藢i藧伞藞in酞t酞蓱/,/t酞r藢i藧k藞e藧simum/,/kw藢蓱d酞r蓱藧伞藞in酞t酞蓱m/,/kw藢蓱d酞r蓱藧伞藞e藧sim蓱/,/kw藢i藧n酞kw蓱藧伞藞in酞t酞蓱m/,/kw藢i藧n酞kw蓱藧伞藞e藧sim蓱/,/s藢eks蓱藧伞藞in酞t酞蓱m/,/s藢eks蓱藧伞藞e藧simum/,/s藢ept酞u蓱藧伞藞in酞t酞蓱m/,/s藢ept酞u蓱藧伞藞e藧simum/,/藢okt酞蓱藧伞藞in酞t酞蓱m/,/藢opt酞o藧伞藞藞e藧simum/,/n酞藢o藧n酞蓱藧伞藞in酞t酞蓱m/,/n酞藢o藧n酞蓱藧伞藞藞e藧simum/,/k藞en酞t酞um/,/k藢en酞t酞藞藞e藧simum/,/k藢en酞t酞藞藞e藧n酞um/,/m藞i藧llem/,/m藢i藧ll藞藞e藧simum/
R0,,,,,,,,,,,,,,,,,,,,,,,,,,,,,,,,,,,,,,,,,,,,,,,,,,,,,,,,,,,,,,,,,,,,,,,,,,,,
R1,,,,,,,,,,,,,,,,,,,,,,,,,,,,,,,,,,,,,,,,,,,,,,,,,,,,,,,,,,,,,,,,,,,,,,,,,,,,
R2,,,,,,,,,,,,,,,,,,,,,,,,,,,,,,,,,,,,,,,,,,,,,,,,,,,,,,,,,,,,,,,,,,,,,,,,,,,,
R3,,,,,,,,,,,,,,,,,,,,,,,,,,,,,,,,,,,,,,,,,,,,,,,,,,,,,,,,,,,,,,,,,,,,,,,,,,,,
R4,,,,,,,,,,,,,,,,,*/tr藞藞e藧s/,,,,,,,,,,,,,,,,,,,*/s藢ept酞藞藞e藧num/,,,,,,*/n酞藢ow藞藞e藧n酞um/,,,*/d酞藢e藧k藞藞e藧num/,,,,*/t酞r藞藞e藧d酞ekim/,,,*/s藞藞e藧d酞ekim/,,,,,*/w藢i藧k藞藞e藧n酞simum/,,*/t酞r藢i藧k藞藞e藧simum/,,*/kw藢蓱d酞r蓱藧伞藞藞e藧sim蓱/,,*/kw藢i藧n酞kw蓱藧伞藞藞e藧sim蓱/,,*/s藢eks蓱藧伞藞藞e藧simum/,,*/s藢ept酞u蓱藧伞藞藞e藧simum/,,,,,,,,,
R5,,,,,,,,,,,,,,,,,,,,,,,,,,,,,,,,,,,,,,,,,,,,,,,,,,,,,,,,,,,,,,,,,,,,,,,,,,,,
R6,,,,,,,,,,,,,,,,,,,,,,,,,,,,,,,,,,,,,,,,,,,,,,,,,,,,,,,,,,,,,,,,,,,,,,,,,,,,
R7,,,,,,,,,,,,,,,,,,,,,,,,,,,,,,,,,,,,,,,,,,,,,,,,,,,,,,,,,,,,,,,,,,,,,,,,,,,,
R8,,,,,,,,,,,,,,,,,,,,,,,,,,,,,,,,,,,,,,,,,,,,,,,,,,,,,,,,,,,,,,,,,,,,,,,,,,,,
R9,,,,,,,,,,,,,,,,,,,,,,,,,,,,,,,,,,,,,,,,,,,,,,,,,,,,,,,,,,,,,,,,,,,,,,,,,,,,
R10,,,,,,,,,,,,,,,,,,,,,,,,,,,,,,,,,,,,,,,,,,,,,,,,,,,,,,,,,,,,,,,,,,,,,,,,,,,,
R11,,,,,,,,,,,,,,,,,,,,,,,,,,,,,,,,,,,,,,,,,,,,,,,,,,,,,,,,,,,,,,,,,,,,,,,,,,,,
R12,,,,,,,,,,,,,,,,,,,,,,,,,,,,,,,,,,,,,,,,,,,,,,,,,,,,,,,,,,,,,,,,,,,,,,,,,,,,
R13,,,,,,,*/s藞in酞plum/,,,,,,,,,,,,,*/tr藢i藞en酞tem/,,,,,,,,,,,,,,,,,,,,,,,,,,,,,,,,,,,*/藢u藧n酞de藧w藢i藧伞藞in酞ti/,,,,,,,,,,,,,,,,,,,,,
R14,,,,,,,*/s藞implum/,,,,,,,,,,,,,,,,,,,,,,,,,,,,,,,,,,,,,,,,,,,,,,,,,,,,,,,,,,,,,,,,,,,,,
R15,,,,,,,,,,,,,,,,,,,,,,,,,,,,,,,,,,,,,,,,,,,,,,,,,,,,,,,,,,,,,,,,,,,,,,,,,,,,
=Popular Latin,null*/藞u藧n酞um/,null*/藞u藧n酞蓱m/,null*/藢u藧n酞um/,null*/藢u藧n酞蓱m/,null*/pr藞i藧mum/,null*/pr藢i藧m藞蓱藧rium/,null*/s藞implum/,null*/藞in酞t酞e伞rum/,null*/d酞u藞o/,null*/d酞u藞o藧s/,null*/d酞藞uae摊/,null*/d酞藞u蓱藧s/,null*/s藢ek藞un酞d酞um/,null*/d酞藞uplum/,null*/m藞ed酞ium/,null*/m藢ed酞iet酞藞蓱藧t酞em/,null*/tr藞藞e藧s/,null*/t酞藞ert酞ium/,null*/tr藞iplum/,null*/tr藢i藞en酞tem/,null*/t藢erti藞蓱藧rium/,null*/kw藞蓱t酞t酞uor/,null*/kw藞蓱藧rt酞um/,null*/kw藢蓱藧t酞藞ern酞um/,null*/kw藢蓱d酞r藞蓱n酞t酞em/,null*/kw藢蓱藧rt酞藞蓱藧rium/,null*/kw藞i藧n酞kwe/,null*/kw藞i藧n酞t酞um/,null*/kw藢i藧n藞蓱藧rium/,null*/s藞eks/,null*/s藞ekst酞um/,null*/s藞ekst酞um/,null*/s藢ekst酞藞蓱藧rium/,null*/s藞ept酞em/,null*/s藞ept酞imum/,null*/s藢ept酞藞藞e藧num/,null*/藞okt酞o藧/,null*/藢okt酞藞蓱藧wum/,null*/藢okt酞藞蓱n酞t酞em/,null*/n酞藞owem/,null*/n酞藞o藧n酞um/,null*/n酞藢ow藞藞e藧n酞um/,null*/d酞藞ekem/,null*/d酞藞ekimum/,null*/d酞藢e藧k藞藞e藧num/,null*/d酞藢e藧n酞藞蓱藧rium/,null*/藞un酞d酞ekim/,null*/d酞u藞od酞ekim/,null*/t酞r藞藞e藧d酞ekim/,null*/kw藢蓱t酞t酞u藞ord酞ekim/,null*/kw藞i藧n酞d酞ekim/,null*/s藞藞e藧d酞ekim/,null*/d酞藢e藧kiet酞s藞ept酞em/,null*/d藢e藧kiet藞okto藧/,null*/藢u藧n酞de藧w藢i藧伞藞in酞ti/,null*/w藢i藧伞藞in酞t酞i/,null*/w藢i藧k藞藞e藧n酞simum/,null*/t酞藞r藢i藧伞藞in酞t酞蓱/,null*/t酞r藢i藧k藞藞e藧simum/,null*/kw藢蓱d酞r蓱藧伞藞in酞t酞蓱m/,null*/kw藢蓱d酞r蓱藧伞藞藞e藧sim蓱/,null*/kw藢i藧n酞kw蓱藧伞藞in酞t酞蓱m/,null*/kw藢i藧n酞kw蓱藧伞藞藞e藧sim蓱/,null*/s藢eks蓱藧伞藞in酞t酞蓱m/,null*/s藢eks蓱藧伞藞藞e藧simum/,null*/s藢ept酞u蓱藧伞藞in酞t酞蓱m/,null*/s藢ept酞u蓱藧伞藞藞e藧simum/,null*/藢okt酞蓱藧伞藞in酞t酞蓱m/,null*/藢opt酞o藧伞藞藞e藧simum/,null*/n酞藢o藧n酞蓱藧伞藞in酞t酞蓱m/,null*/n酞藢o藧n酞蓱藧伞藞藞e藧simum/,null*/k藞en酞t酞um/,null*/k藢en酞t酞藞藞e藧simum/,null*/k藢en酞t酞藞藞e藧n酞um/,null*/m藞i藧llem/,null*/m藢i藧ll藞藞e藧simum/
R16,,,,,,,,,,,,,,,,,,,,,,*/k桑史藞蓱t酞t酞uor/,*/k桑史藞蓱藧rt酞um/,*/k桑史藢蓱藧t酞藞ern酞um/,*/k桑史藢蓱d酞r藞蓱n酞t酞em/,*/k桑史藢蓱藧rt酞藞蓱藧rium/,*/k桑史藞i藧n酞k桑史e/,*/k桑史藞i藧n酞t酞um/,*/k桑史藢i藧n藞蓱藧rium/,,,,,,,,,*/藢okt酞藞蓱藧桑史um/,,*/n酞藞o桑史em/,,*/n酞藢o桑史藞藞e藧n酞um/,,,,,,,,*/k桑史藢蓱t酞t酞u藞ord酞ekim/,*/k桑史藞i藧n酞d酞ekim/,,,,*/藢u藧n酞de藧桑史藢i藧伞藞in酞ti/,*/桑史藢i藧伞藞in酞t酞i/,*/桑史藢i藧k藞藞e藧n酞simum/,,,*/k桑史藢蓱d酞r蓱藧伞藞in酞t酞蓱m/,*/k桑史藢蓱d酞r蓱藧伞藞藞e藧sim蓱/,*/k桑史藢i藧n酞k桑史蓱藧伞藞in酞t酞蓱m/,*/k桑史藢i藧n酞k桑史蓱藧伞藞藞e藧sim蓱/,,,,,,,,,,,,,
R17,,,,,,,,,,,,,,,,,,,,,,,,,,,,,,,,,,,,,,,,,,,,,,,,,,,,,,,,,,,,,,,,,,,,,,,,,,,,
R18,,,,,,,,,,,,,,,,,,,,,,,,,,,,,,,*/s藞eks酞t酞um/,*/s藞eks酞t酞um/,*/s藢eks酞t酞藞蓱藧rium/,,,,,,,,,,,,,,,,,,,,,,,,,,,,,,,,,,,,,,,,,,,
R19,,,,,,,,,,,*/d酞藞u蓻e摊/,,,,,,,,,,,,,,,,,,,,,,,,,,,,,,,,,,,,,,,,,,,,,,,,,,,,,,,,,,,,,,,,,
R20,,,,,,,,,,,*/d酞藞u蓻藧/,,,,,,,,,,,,,,,,,,,,,,,,,,,,,,,,,,,,,,,,,,,,,,,,,,,,,,,,,,,,,,,,,
R21,,,,,,,,,,,,,,,,,,,,,,,,,,,,,,,,,,,,,,,,,,,,,,,,,,,,,,,,,,,,,,,,,,,,,,,,,,,,
R22,,,,,,,,,,,,,,,,,,,,,,,,,,,,,,,,,,,,,,,,,,,,,,,,,,,,,,,,,,,,,,,,,,,,,,,,,,,,
R23,,,,,,,,,,,,,,,,,,,,,,,,,,,,,,,,,,,,,,,,,,,,,,,,,,,,,,,,,,,,,,,,,,,,,,,,,,,,
R24,,,,,,,,,,,,,,,,,,,,,,,,,,,,,,,,,,,,,,,,,,,,,,,,,,,,,,,,,,,,,,,,,,,,,,,,,,,,
R25,,,,,,,,,,,,,,,,,,,,,,,,,,,,,,,,,,,,,,,,,,,,,,,,,,,,,,,,,*/桑史藢i藧k藞藞e藧n酞smum/,,*/t酞r藢i藧k藞藞e藧smum/,,*/k桑史藢蓱d酞r蓱藧伞藞藞e藧sm蓱/,,*/k桑史藢i藧n酞k桑史蓱藧伞藞藞e藧sm蓱/,,*/s藢eks蓱藧伞藞藞e藧smum/,,*/s藢ept酞u蓱藧伞藞藞e藧smum/,,*/藢opt酞o藧伞藞藞e藧smum/,,*/n酞藢o藧n酞蓱藧伞藞藞e藧smum/,,*/k藢en酞t酞藞藞e藧smum/,,,*/m藢i藧ll藞藞e藧smum/
R26,,,,,,,,,,,,,,,,,,,,,,,,,,,,,,,,,,,,,,,,,,,,,,,,,,,,,,,,,,,,,,,,,,,,,,,,,,,,
R27,,,,,,,,,,,,,,,,,,,,,,,,,,,,,,,,,,,,,,,,,,,,,,,,,,,,,,,,,,,,,,,,,,,,,,,,,,,,
R28,,,,,,,,,,,,,,,,,,,,,,,,,,,,,,,,,,,,,,,,,,,,,,,*/藞un酞d酞kim/,,,,*/k桑史藞i藧n酞d酞kim/,,,,,,,,,,,,,,,,,,,,,,,,,
R29,,,,,,,,,,,,,,,,,,,,,,,,,,,,,,,,,,,,,,,,,,,,,,,,,,,,,,,,,,,,,,,,,,,,,,,,,,,,
R30,,,,,,,,,,,,,,,,,,,,,,,,,,,,,,,,,,,,,,,,,,,,,,,,,,,,,,,,,,,,,,,,,,,,,,,,,,,,
R31,,,,,,,,,,,,,,,,,,,,,,,,,,,,,,,,,,,,,,,,,,,,,,,,,,,,,,,,,,,,,,,,,,,,,,,,,,,,
R32,,,,,,,,,,,,,,,,,,,,,,,,,,,,,,,,,,,,,,,,,,,,,,,,,,,,,,,,,,,,,,,,,,,,,,,,,,,,
R33,,,,,,,,,,,,,,,,,,,,,,,,,,,,,,,,,,,,,,,,,,,,,,,,,,,,,,,,,,,,,,,,,,,,,,,,,,,,
R34,*/藞u藧n酞u/,*/藞u藧n酞蓱/,*/藢u藧n酞u/,*/藢u藧n酞蓱/,*/pr藞i藧mu/,*/pr藢i藧m藞蓱藧riu/,*/s藞implu/,*/藞in酞t酞e伞ru/,,,,,*/s藢ek藞un酞d酞u/,*/d酞藞uplu/,*/m藞ed酞iu/,*/m藢ed酞iet酞藞蓱藧t酞e/,,*/t酞藞ert酞iu/,*/tr藞iplu/,*/tr藢i藞en酞te/,*/t藢erti藞蓱藧riu/,,*/k桑史藞蓱藧rt酞u/,*/k桑史藢蓱藧t酞藞ern酞u/,*/k桑史藢蓱d酞r藞蓱n酞t酞e/,*/k桑史藢蓱藧rt酞藞蓱藧riu/,,*/k桑史藞i藧n酞t酞u/,*/k桑史藢i藧n藞蓱藧riu/,,*/s藞eks酞t酞u/,*/s藞eks酞t酞u/,*/s藢eks酞t酞藞蓱藧riu/,*/s藞ept酞e/,*/s藞ept酞imu/,*/s藢ept酞藞藞e藧nu/,,*/藢okt酞藞蓱藧桑史u/,*/藢okt酞藞蓱n酞t酞e/,*/n酞藞o桑史e/,*/n酞藞o藧n酞u/,*/n酞藢o桑史藞藞e藧n酞u/,*/d酞藞eke/,*/d酞藞ekimu/,*/d酞藢e藧k藞藞e藧nu/,*/d酞藢e藧n酞藞蓱藧riu/,*/藞un酞d酞ki/,*/d酞u藞od酞eki/,*/t酞r藞藞e藧d酞eki/,*/k桑史藢蓱t酞t酞u藞ord酞eki/,*/k桑史藞i藧n酞d酞ki/,*/s藞藞e藧d酞eki/,*/d酞藢e藧kiet酞s藞ept酞e/,,,,*/桑史藢i藧k藞藞e藧n酞smu/,,*/t酞r藢i藧k藞藞e藧smu/,*/k桑史藢蓱d酞r蓱藧伞藞in酞t酞蓱/,,*/k桑史藢i藧n酞k桑史蓱藧伞藞in酞t酞蓱/,,*/s藢eks蓱藧伞藞in酞t酞蓱/,*/s藢eks蓱藧伞藞藞e藧smu/,*/s藢ept酞u蓱藧伞藞in酞t酞蓱/,*/s藢ept酞u蓱藧伞藞藞e藧smu/,*/藢okt酞蓱藧伞藞in酞t酞蓱/,*/藢opt酞o藧伞藞藞e藧smu/,*/n酞藢o藧n酞蓱藧伞藞in酞t酞蓱/,*/n酞藢o藧n酞蓱藧伞藞藞e藧smu/,*/k藞en酞t酞u/,*/k藢en酞t酞藞藞e藧smu/,*/k藢en酞t酞藞藞e藧n酞u/,*/m藞i藧lle/,*/m藢i藧ll藞藞e藧smu/
R35,,,,,,,,,,,,,,,,,,,,,,,,,,,,,,,,,,,,,,,,,,,,,,,,,,,,,,,,,,,,,,,,,,,,,,,,,,,,
R36,,,,,,,,,,,,,,,,,,,,,,,,,,,,,,,,,,,,,,,,,,,,,,,,,,,,,,,,,,,,,,,,,,,,,,,,,,,,
R37,,,,,,,,,,,,,,,,,,,,,,,,,,,,,,,*/s藞es酞t酞u/,*/s藞es酞t酞u/,*/s藢es酞t酞藞蓱藧riu/,,,,,,,,,,,,,,,,,,,,,,,,*/桑史藢i藧k藞藞e藧smu/,,,,,,,,,,,,,,,,,,,
R38,,,,,,,,*/藞in酞t酞e桑ru/,,,,,,,,,,,,,,,,,,,,,,*/s藞exs/,,,,,,,*/藞oxt酞o藧/,*/藢oxt酞藞蓱藧桑史u/,*/藢oxt酞藞蓱n酞t酞e/,,,,,,,,,,,,,,,*/d藢e藧kiet藞oxto藧/,,,,,,,,,,*/s藢exs蓱藧伞藞in酞t酞蓱/,*/s藢exs蓱藧伞藞藞e藧smu/,,,*/藢oxt酞蓱藧伞藞in酞t酞蓱/,,,,,,,,
R39,,,,,,,,,,,,,,,,,,,,,,,,,,,,,,,,,,,,,,,,,,,,,,,,,,,,,,,,,,,,,,,,,,,,,,,,,,,,
R40,,,,,,,,,,,,,,,,,,,,,,,,,,,,,,,,,,,,,,,,,,,,,,,,,,,,,*/d酞藢e藧kie藧t酞s藞ept酞e/,*/d藢e藧kie藧t藞oxto藧/,,,,,,,,,,,,,,,,,,,,,,
R41,,,,,,,,,,,,,,,,,,,,*/tr藢i藞藞e藧n酞te/,,,,,,,,,,,,,,,,,,,,,,,,,,,,,,,,,,,,,,,,,,,,,,,,,,,,,,,,
R42,,,,,,,,,,,,,,,,,,,,,,,,,,,,,,,,,,,,,,,,,,,,,,,,,,,,,,,,,,,,,,,,,,,,,,,,,,,,
R43,,,,,,,,,,,,,,,,,,,,,,,,,,,,,,,,,,,,,,,,,,,,,,,,,,,,,,,,,,,,,,,,,,,,,,,,,,,,
R44,,,,,,,,,,,,,,,,,,,,,,,,,,,,,,,,,,,,,,,,,,,,,,,,,,,,,,,,,,,,*/k桑史藢蓱d酞r蓱藧藞in酞t酞蓱/,*/k桑史藢蓱d酞r蓱藧藞藞e藧sm蓱/,*/k桑史藢i藧n酞k桑史蓱藧藞in酞t酞蓱/,*/k桑史藢i藧n酞k桑史蓱藧藞藞e藧sm蓱/,*/s藢exs蓱藧藞in酞t酞蓱/,*/s藢exs蓱藧藞藞e藧smu/,*/s藢ept酞u蓱藧藞in酞t酞蓱/,*/s藢ept酞u蓱藧藞藞e藧smu/,*/藢oxt酞蓱藧藞in酞t酞蓱/,*/藢opt酞o藧藞藞e藧smu/,*/n酞藢o藧n酞蓱藧藞in酞t酞蓱/,*/n酞藢o藧n酞蓱藧藞藞e藧smu/,,,,,
R45,,,,,,*/pr藢i藧m藞蓱藧rju/,,,*/d酞w藞o/,*/d酞w藞o藧s/,,,,,*/m藞ed酞ju/,*/m藢ed酞jet酞藞蓱藧t酞e/,,*/t酞藞ert酞ju/,,*/trj藞藞e藧n酞te/,*/t藢ertj藞蓱藧rju/,*/k桑史藞蓱t酞t酞wor/,,,,*/k桑史藢蓱藧rt酞藞蓱藧rju/,,,*/k桑史藢i藧n藞蓱藧rju/,,,,*/s藢es酞t酞藞蓱藧rju/,,,,,,,,,,,,,*/d酞藢e藧n酞藞蓱藧rju/,,*/d酞w藞od酞eki/,,*/k桑史藢蓱t酞t酞w藞ord酞eki/,,,*/d酞藢e藧kje藧t酞s藞ept酞e/,*/d藢e藧kje藧t藞oxto藧/,,,,,,,,,,,,*/s藢ept酞w蓱藧藞in酞t酞蓱/,*/s藢ept酞w蓱藧藞藞e藧smu/,,,,,,,,,
R46,,,,,,,,,,,,,,,,,,,,,,,,,,,,,,,,,,,,,,,,,,,,,,,,,,,,,,,,,,,,,,,,,,,,,,,,,,,,
R47,,,,,,,,,,,,,,,,,,,,,,,,,,,,,,,,,,,,,,,,,,,,,,,,,,,,,,,,,,,,,,,,,,,,,,,,,,,,
R48,,,,,,,,,,,,,,,,,,,,,,,,,,,,,,,,,,,,,,,,,,,,,,,,,,,,,,,,,,,,,,,,,,,,,,,,,,,,
R49,,,,,,,,,,,,,,,,,,,,,,,,,,,,,,,,,,,,,,,,,,,,,,,,,,,,,,,,,,,,,,,,,,,,,,,,,,,,
R50,,,,,,,,,,,,,,,,,,,,,,,,,,,,,,,,,,,,,,,,,,,,,,,,,,,,,,,,,,,,,,,,,,,,,,,,,,,,
R51,,,,,,,,,,,,,,,,,,,,,,,,,,,,,,,,,,,,,,,,,,,,,,,,,,,,,,,,,,,,,,,,,,,,,*/藢opt酞w藞藞e藧smu/,,,,,,,
R52,,,,,,,,,,,,,,,,,,,,,,,,,,,,,,,,,,,,,,,,,,,,,,,,,,,,,,,,,,,,,,,,,,,,,,,,,,,,
R53,,,,,,,,*/藞in酞t酞蓻桑ru/,,,,,*/s藢蓻k藞un酞d酞u/,,*/m藞蓻d酞ju/,*/m藢蓻d酞j蓻t酞藞蓱藧t酞蓻/,,*/t酞藞蓻rt酞ju/,,*/trj藞藞e藧n酞t蓻/,*/t藢蓻rtj藞蓱藧rju/,,,*/k桑史藢蓱藧t酞藞蓻rn酞u/,*/k桑史藢蓱d酞r藞蓱n酞t酞蓻/,,*/k桑史藞i藧n酞k桑史蓻/,,,*/s藞蓻xs/,*/s藞蓻s酞t酞u/,*/s藞蓻s酞t酞u/,*/s藢蓻s酞t酞藞蓱藧rju/,*/s藞蓻pt酞蓻/,*/s藞蓻pt酞imu/,*/s藢蓻pt酞藞藞e藧nu/,,,*/藢oxt酞藞蓱n酞t酞蓻/,*/n酞藞o桑史蓻/,,,*/d酞藞蓻k蓻/,*/d酞藞蓻kimu/,,,,*/d酞w藞od酞蓻ki/,*/t酞r藞藞e藧d酞蓻ki/,*/k桑史藢蓱t酞t酞w藞ord酞蓻ki/,,*/s藞藞e藧d酞蓻ki/,*/d酞藢e藧kje藧t酞s藞蓻pt酞蓻/,,,,,,,,,,,*/s藢蓻xs蓱藧藞in酞t酞蓱/,*/s藢蓻xs蓱藧藞藞e藧smu/,*/s藢蓻pt酞w蓱藧藞in酞t酞蓱/,*/s藢蓻pt酞w蓱藧藞藞e藧smu/,,,,,*/k藞蓻n酞t酞u/,*/k藢蓻n酞t酞藞藞e藧smu/,*/k藢蓻n酞t酞藞藞e藧n酞u/,*/m藞i藧ll蓻/,
R54,,,,,,,,,,,,,,,,,,,,,,*/k桑史藞蓱t酞t酞w蓴r/,,,,,,,,,,,,,,,*/藞蓴xt酞o藧/,*/藢蓴xt酞藞蓱藧桑史u/,*/藢蓴xt酞藞蓱n酞t酞蓻/,*/n酞藞蓴桑史蓻/,,*/n酞藢蓴桑史藞藞e藧n酞u/,,,,,,*/d酞w藞蓴d酞蓻ki/,,*/k桑史藢蓱t酞t酞w藞蓴rd酞蓻ki/,,,,*/d藢e藧kje藧t藞蓴xto藧/,,,,,,,,,,,,,,*/藢蓴xt酞蓱藧藞in酞t酞蓱/,*/藢蓴pt酞w藞藞e藧smu/,,,,,,,
R55,,,,,,,,,,,,,,,,,,,,,,,,,,,,,,,,,,,,,,,,,,,,,,,,,,,,,,,,,,,,,,,,,,,,,,,,,,,,
R56,,,,,,,,,,,,,,,,,,,,,,,,,,,,,,,,,,,,,,,,,,,,,,,,,,,,,,,,,,,,,,,,,,,,,,,,,,,,
R57,,,,,,,,*/藞in酞t酞e桑ru/,,,*/d酞藞ue藧/,,*/s藢ek藞un酞d酞u/,,,*/m藢ed酞jet酞藞蓱藧t酞e/,,,,*/trj藞藞e藧n酞te/,*/t藢ertj藞蓱藧rju/,*/k桑史藞蓱t酞t酞wor/,,,*/k桑史藢蓱d酞r藞蓱n酞t酞e/,,*/k桑史藞i藧n酞k桑史e/,,,,,,*/s藢es酞t酞藞蓱藧rju/,*/s藞蓻pt酞e/,,*/s藢ept酞藞藞e藧nu/,,*/藢oxt酞藞蓱藧桑史u/,*/藢oxt酞藞蓱n酞t酞e/,*/n酞藞蓴桑史e/,,*/n酞藢o桑史藞藞e藧n酞u/,*/d酞藞蓻ke/,,,,,*/d酞w藞蓴d酞eki/,*/t酞r藞藞e藧d酞eki/,*/k桑史藢蓱t酞t酞w藞蓴rd酞eki/,,*/s藞藞e藧d酞eki/,*/d酞藢e藧kje藧t酞s藞蓻pt酞e/,,,,,,,,,,,*/s藢exs蓱藧藞in酞t酞蓱/,*/s藢exs蓱藧藞藞e藧smu/,*/s藢ept酞w蓱藧藞in酞t酞蓱/,*/s藢ept酞w蓱藧藞藞e藧smu/,*/藢oxt酞蓱藧藞in酞t酞蓱/,*/藢opt酞w藞藞e藧smu/,,,,*/k藢en酞t酞藞藞e藧smu/,*/k藢en酞t酞藞藞e藧n酞u/,*/m藞i藧lle/,
R58,,,,,,,,,,,,,,,,,,,,,,,,,,,,,,,,,,,,,,,,,,,,,,,,,,,,,,,,,,,,,,,,,,,,,,,,,,,,
R59,*/藞u藧n酞o/,,*/藢u藧n酞o/,,*/pr藞i藧mo/,*/pr藢i藧m藞蓱藧rjo/,*/s藞emplo/,*/藞en酞t酞e桑ro/,,,*/d酞藞oe藧/,*/d酞藞o蓱藧s/,*/s藢ek藞on酞d酞o/,*/d酞藞oplo/,*/m藞蓻d酞jo/,,,*/t酞藞蓻rt酞jo/,*/tr藞eplo/,,*/t藢ertj藞蓱藧rjo/,,*/k桑史藞蓱藧rt酞o/,*/k桑史藢蓱藧t酞藞蓻rn酞o/,,*/k桑史藢蓱藧rt酞藞蓱藧rjo/,,*/k桑史藞i藧n酞t酞o/,*/k桑史藢i藧n藞蓱藧rjo/,,*/s藞蓻s酞t酞o/,*/s藞蓻s酞t酞o/,*/s藢es酞t酞藞蓱藧rjo/,,*/s藞蓻pt酞emo/,*/s藢ept酞藞藞e藧no/,,*/藢oxt酞藞蓱藧桑史o/,,,*/n酞藞o藧n酞o/,*/n酞藢o桑史藞藞e藧n酞o/,,*/d酞藞蓻kemo/,*/d酞藢e藧k藞藞e藧no/,*/d酞藢e藧n酞藞蓱藧rjo/,*/藞on酞d酞ke/,*/d酞w藞蓴d酞eke/,*/t酞r藞藞e藧d酞eke/,*/k桑史藢蓱t酞t酞w藞蓴rd酞eke/,*/k桑史藞i藧n酞d酞ke/,*/s藞藞e藧d酞eke/,,,*/藢u藧n酞de藧桑史藢i藧伞藞en酞te/,*/桑史藢i藧伞藞en酞t酞e/,*/桑史藢i藧k藞藞e藧smo/,*/t酞藞r藢i藧伞藞en酞t酞蓱/,*/t酞r藢i藧k藞藞e藧smo/,*/k桑史藢蓱d酞r蓱藧藞en酞t酞蓱/,,*/k桑史藢i藧n酞k桑史蓱藧藞en酞t酞蓱/,,*/s藢exs蓱藧藞en酞t酞蓱/,*/s藢exs蓱藧藞藞e藧smo/,*/s藢ept酞w蓱藧藞en酞t酞蓱/,*/s藢ept酞w蓱藧藞藞e藧smo/,*/藢oxt酞蓱藧藞en酞t酞蓱/,*/藢opt酞w藞藞e藧smo/,*/n酞藢o藧n酞蓱藧藞en酞t酞蓱/,*/n酞藢o藧n酞蓱藧藞藞e藧smo/,*/k藞蓻n酞t酞o/,*/k藢en酞t酞藞藞e藧smo/,*/k藢en酞t酞藞藞e藧n酞o/,,*/m藢i藧ll藞藞e藧smo/
R60,*/藞un酞o/,*/藞un酞蓱/,*/藢un酞o/,*/藢un酞蓱/,*/pr藞imo/,*/pr藢im藞蓱rjo/,,,,*/d酞w藞os/,*/d酞藞oe/,*/d酞藞o蓱s/,,,,*/m藢ed酞jet酞藞蓱t酞e/,*/tr藞es/,,,*/trj藞en酞te/,*/t藢ertj藞蓱rjo/,,*/k桑史藞蓱rt酞o/,*/k桑史藢蓱t酞藞蓻rn酞o/,,*/k桑史藢蓱rt酞藞蓱rjo/,*/k桑史藞in酞k桑史e/,*/k桑史藞in酞t酞o/,*/k桑史藢in藞蓱rjo/,,,,*/s藢es酞t酞藞蓱rjo/,,,*/s藢ept酞藞eno/,*/藞蓴xt酞o/,*/藢oxt酞藞蓱桑史o/,,,*/n酞藞on酞o/,*/n酞藢o桑史藞en酞o/,,,*/d酞藢ek藞eno/,*/d酞藢en酞藞蓱rjo/,,,*/t酞r藞ed酞eke/,,*/k桑史藞in酞d酞ke/,*/s藞ed酞eke/,*/d酞藢ekjet酞s藞蓻pt酞e/,*/d藢ekjet藞蓴xto/,*/藢un酞de桑史藢i伞藞en酞te/,*/桑史藢i伞藞en酞t酞e/,*/桑史藢ik藞esmo/,*/t酞藞r藢i伞藞en酞t酞蓱/,*/t酞r藢ik藞esmo/,*/k桑史藢蓱d酞r蓱藞en酞t酞蓱/,*/k桑史藢蓱d酞r蓱藞esm蓱/,*/k桑史藢in酞k桑史蓱藞en酞t酞蓱/,*/k桑史藢in酞k桑史蓱藞esm蓱/,*/s藢exs蓱藞en酞t酞蓱/,*/s藢exs蓱藞esmo/,*/s藢ept酞w蓱藞en酞t酞蓱/,*/s藢ept酞w蓱藞esmo/,*/藢oxt酞蓱藞en酞t酞蓱/,*/藢opt酞w藞esmo/,*/n酞藢on酞蓱藞en酞t酞蓱/,*/n酞藢on酞蓱藞esmo/,,*/k藢en酞t酞藞esmo/,*/k藢en酞t酞藞en酞o/,*/m藞ille/,*/m藢ill藞esmo/
R61,,,,,,,,,,,,,,,,,,,,,,,,,,,,,,,,,,,,,,,,,,,,,,,,,,,,,,,,,,,,,,,,,,,,,,,,,,,,
R62,,,,,,,,,,,,,,,,,,,,,,,,,,,,,,,,,,,,,,,,,,,,,,,,,,,,,,,,,,,,,,,,,,,,,,,,,,,,
R63,,,,,,,,,,,,,,,,,,,,,,,,,,,,,,,,,,,,,,,,,,,,,,,,,,,,,,,,,,,,,,,,,,,,,,,,,,,,
R64,,,,,,,,,,,,,,,,,,,,,,,,,,,,,,,,,,,,,,,,,,,,,,,,,,,,,,,,,,,,,,,,,,,,,,,,,,,,
R65,,,,,,,,,,,,,,,,,,,,,,,,,,,,,,,,,,,,,,,,,,,,,,,,,,,,,,,,,,,,,,,,,,,,,,,,,,,,
R66,,,,,,,,,,,,,,,,,,,,,,,,,,,,,,,,,,,,,,,,,,,,,,,,,,,,,,,,,,,,,,,,,,,,,,,,,,,,
R67,,,,,,,,,,,,,,,,,,,,,,,,,,,,,,,,,,,,,,,,,,,,,,,,,,,,,,,,,,,,,,,,,,,,,,,,,,,,
R68,,,,,,,,,,,,,,,,,,,,,,,,,,,,,,,,,,,,,,,,,,,,,,,,,,,,,,,,,,,,,,,,,,,,,,,,,,,,
R69,,,,,,,,,,,,,,,,,,,,,,,,,,,,,,,,,,,,,,,,,,,,,,,,,,,,,,,,,,,,,,,,,,,,,,,,,,,,
R70,,,,,,,,,,,,,,,,,,,,,,,,,,,,,,,,,,,,,,,,,,,,,,,,,,,,,,,,,,,,,,,,,,,,,,,,,,,,
R71,,,,,,,,,,,,,,,,,,,,,,,,,,,,,,,,,,,,,,,,,,,,,,,,,,,,,,,,,,,,,,,,,,,,,,,,,,,,
R72,,,,,,,,,,,,,,,,,,,,,,,,,,,,,,,,,,,,,,,,,,,,,,,,,,,,,,,,,,,,,,,,,,,,,,,,,,,,
R73,,,,,,,,,*/d酞藞o/,*/d酞藞os/,,,,,,*/m藢ed酞et酞藞蓱t酞e/,,,,*/tr藞en酞te/,,*/k桑史藞蓱t酞t酞or/,,,,,,,,,,,,,,,,,,,,,,,,,,*/d酞藞蓴d酞eke/,,*/k桑史藢蓱t酞t酞藞蓴rd酞eke/,,,*/d酞藢eket酞s藞蓻pt酞e/,*/d藢eket藞蓴xto/,,,,,,,,,,,,,,,,,,,,,,
R74,,,,,,,,,,,,,,,,,,,,,,*/桑史桑史藞蓱t酞t酞or/,*/桑史桑史藞蓱rt酞o/,*/桑史桑史藢蓱t酞藞蓻rn酞o/,*/桑史桑史藢蓱d酞r藞蓱n酞t酞e/,*/桑史桑史藢蓱rt酞藞蓱rjo/,*/桑史桑史藞in酞桑史桑史e/,*/桑史桑史藞in酞t酞o/,*/桑史桑史藢in藞蓱rjo/,,,,,*/s藞蓻t酞t酞e/,*/s藞蓻t酞t酞emo/,*/s藢et酞t酞藞eno/,,,,,,,,,,,*/藞on酞kke/,,,*/桑史桑史藢蓱t酞t酞藞蓴rd酞eke/,*/桑史桑史藞in酞kke/,,*/d酞藢ekess藞蓻t酞t酞e/,,,,,,,*/桑史桑史藢蓱d酞r蓱藞en酞t酞蓱/,*/桑史桑史藢蓱d酞r蓱藞esm蓱/,*/桑史桑史藢in酞桑史桑史蓱藞en酞t酞蓱/,*/桑史桑史藢in酞桑史桑史蓱藞esm蓱/,,,*/s藢et酞t酞w蓱藞en酞t酞蓱/,*/s藢et酞t酞w蓱藞esmo/,,*/藢ot酞t酞w藞esmo/,,,,,,,
R75,,,,,,,,,,,,,,,,,,,,,,,,,,,,,,,,,,,,,,,,,,,,,,,,,,,,,,,,,,,,,,,,,,,,,,,,,,,,
R76,,,,,,,,,,,,,,,,,,,,,,,,,,,,,,,,,,,,,,,,,,,,,,,,,,,,,,,,,,,,,,,,,,,,,,,,,,,,
R77,,,,,,,,,,,,,,,,,,,,,,,,,,,,,,,,,,,,,,,,,,,,,,,,,,,,,,,,,,,,,,,,,,,,,,,,,,,,
R78,,,,,,,,,,,,,,,,,,,,,,,,,,,,,,,,,,,,,,,,,,,*/d酞藞蓻kje/,*/d酞藞蓻kjemo/,*/d酞藢ekj藞eno/,,*/藞on酞kkje/,*/d酞藞蓴d酞ekje/,*/t酞r藞ed酞ekje/,*/桑史桑史藢蓱t酞t酞藞蓴rd酞ekje/,*/桑史桑史藞in酞kkje/,*/s藞ed酞ekje/,*/d酞藢ekjess藞蓻t酞t酞e/,*/d藢ekjet藞蓴xto/,*/藢un酞de桑史藢i伞j藞en酞te/,*/桑史藢i伞j藞en酞t酞e/,*/桑史藢ikj藞esmo/,*/t酞藞r藢i伞j藞en酞t酞蓱/,*/t酞r藢ikj藞esmo/,,,,,,,,,,,,,*/kj藞蓻n酞t酞o/,*/kj藢en酞t酞藞esmo/,*/kj藢en酞t酞藞en酞o/,,
R79,,,,,,,,,,,,,,,,,,,,,,,,,,,,,,,,,,,,,,,,,,,,,,,,,,,,,,,,,,,,,,,,,,,,,,,,,,,,
R80,,,,,,,,,,,,,,,*/m藞蓻d汀蕭jo/,,,*/t酞藞蓻rt汀蕛jo/,,,,,,,,,,,,,,,,,,,,,,,,,*/d酞藞蓻t汀蕛je/,*/d酞藞蓻t汀蕛jemo/,*/d酞藢et汀蕛j藞eno/,,*/藞on酞kt汀蕛je/,*/d酞藞蓴d酞et汀蕛je/,*/t酞r藞ed酞et汀蕛je/,*/桑史桑史藢蓱t酞t酞藞蓴rd酞et汀蕛je/,*/桑史桑史藞in酞kt汀蕛je/,*/s藞ed酞et汀蕛je/,*/d酞藢et汀蕛jess藞蓻t酞t酞e/,*/d藢et汀蕛jet藞蓴xto/,*/藢un酞de桑史藢id汀蕭j藞en酞te/,*/桑史藢id汀蕭j藞en酞t酞e/,*/桑史藢it汀蕛j藞esmo/,*/t酞藞r藢id汀蕭j藞en酞t酞蓱/,*/t酞r藢it汀蕛j藞esmo/,,,,,,,,,,,,,*/t汀蕛j藞蓻n酞t酞o/,*/t汀蕛j藢en酞t酞藞esmo/,*/t汀蕛j藢en酞t酞藞en酞o/,,
R81,,,,,,,,,,,,,,,,,,,,,,,,,,,,,,,,,,,,,,,,,,,,,,,,,,,,,,,,,,,,,,,,,,,,,,,,,,,,
R82,,,,,,,,,,,,,,,,,,,,,,,,,,,,,,,,,,,,,,,,,,,,,,,,,,,,,,,,,,,,,,,,,,,,,,,,,,,,
R83,,,,,,,,,,,,,,,,,,,,,,,,,,,,,,,,,,,,,,,,,,,,,,,,,,,,,,,,,,,,,,,,,,,,,,,,,,,,
R84,,,,,,,,,,,,,,,,,,,,,,,,,,,,,,,,,,,,,,,,,,,,,,,,,,,,,,,,,,,,,,,,,,,,,,,,,,,,
R85,,,,,,,,,,,,,,,*/m藞蓻d汀蕭o/,,,*/t酞藞蓻rt汀蕛o/,,,,,,,,,,,,,,,,,,,,,,,,,*/d酞藞蓻t汀蕛e/,*/d酞藞蓻t汀蕛emo/,*/d酞藢et汀蕛藞eno/,,*/藞on酞kt汀蕛e/,*/d酞藞蓴d酞et汀蕛e/,*/t酞r藞ed酞et汀蕛e/,*/桑史桑史藢蓱t酞t酞藞蓴rd酞et汀蕛e/,*/桑史桑史藞in酞kt汀蕛e/,*/s藞ed酞et汀蕛e/,*/d酞藢et汀蕛ess藞蓻t酞t酞e/,*/d藢et汀蕛et藞蓴xto/,*/藢un酞de桑史藢id汀蕭藞en酞te/,*/桑史藢id汀蕭藞en酞t酞e/,*/桑史藢it汀蕛藞esmo/,*/t酞藞r藢id汀蕭藞en酞t酞蓱/,*/t酞r藢it汀蕛藞esmo/,,,,,,,,,,,,,*/t汀蕛藞蓻n酞t酞o/,*/t汀蕛藢en酞t酞藞esmo/,*/t汀蕛藢en酞t酞藞en酞o/,,
R86,,,,,,,,,,,,,,,,,,,,,,,,,,,,,,,,,,,,,,,,,,,,,,,,,,,,,,,,,,,,,,,,,,,,,,,,,,,,
R87,,,,,,,,,,,,,,,,,,,,,,,,,,,,,,,,,,,,,,,,,,,,,,,,,,,,,,,,,,,,,,,,,,,,,,,,,,,,
R88,,,,,,,,,,,,,,,,,,,,,,,,,,,,,,,,,,,,,,,,,,,,,,,,,,,,,,,,,,,,,,,,,,,,,,,,,,,,
R89,,,,,,,,,,,,,,,,,,,,,,*/vv藞蓱t酞t酞or/,*/vv藞蓱rt酞o/,*/vv藢蓱t酞藞蓻rn酞o/,*/vv藢蓱d酞r藞蓱n酞t酞e/,*/vv藢蓱rt酞藞蓱rjo/,*/vv藞in酞vve/,*/vv藞in酞t酞o/,*/vv藢in藞蓱rjo/,,,,,,,,,*/藢oxt酞藞蓱vo/,,*/n酞藞蓴ve/,,*/n酞藢ov藞en酞o/,,,,,,,,*/vv藢蓱t酞t酞藞蓴rd酞et汀蕛e/,*/vv藞in酞kt汀蕛e/,,,,*/藢un酞dev藢id汀蕭藞en酞te/,*/v藢id汀蕭藞en酞t酞e/,*/v藢it汀蕛藞esmo/,,,*/vv藢蓱d酞r蓱藞en酞t酞蓱/,*/vv藢蓱d酞r蓱藞esm蓱/,*/vv藢in酞vv蓱藞en酞t酞蓱/,*/vv藢in酞vv蓱藞esm蓱/,,,,,,,,,,,,,
R90,,,,,,,,,,,,,,,,,,,,,,,,,,,,,,,,,,,,,,,,,,,,,,,,,,,,,,,,,,,,,,,,,,,,,,,,,,,,
R91,,,,,,,,,,,,,,,,,,,,,,,,,,,,,,,,,,,,,,,,,,,,,,,,,,,,,,,,,,,,,,,,,,,,,,,,,,,,
R92,,,,,,,,,,,,,,,,,,,,,,,,,,,,,,,,,,,,,,,,,,,,,,,,,,,,,,,,,,,,,,,,,,,,,,,,,,,,
R93,,,,,,,,,,,,,,,,,,,,,,,,,,,,,,,,,,,,,,,,,,,,,,,,,,,,,,,,,,,,,,,,,,,,,,,,,,,,
R94,,,,,,,,,,,,,,,,,,,,,,,,,,,,,,,,,,,,,,,,,,,,,,,,,,,,,,,,,,,,,,,,,,,,,,,,,,,,
R95,,,,,,,,,,,,,,,,,,,,,,,,,,,,,,,,,,,,,,,,,,,,,,,,,,,,,,,,,,,,,,,,,,,,,,,,,,,,
R96,,,,,,,,,,,,,,,,,,,,,,,,,,,,,,,,,,,,,,,,,,,,,,,,,,,,,,,,,,,,,,,,,,,,,,,,,,,,
R97,,,,,,,,,,,,,,,,,,,,,,,,,,,,,,,,,,,,,,,,,,,,,,,,,,,,,,,,,,,,,,,,,,,,,,,,,,,,
R98,,,,,,,,,,,,,,,,,,,,,,,,,,,,,,,,,,,,,,,,,,,,,,,,,,,,,,,,,,,,,,,,,,,,,,,,,,,,
R99,,,,,,,,,,,,,,,,,,,,,,,,,,,,,,,,,,,,,,,,,,,,,,,,,,,,,,,,,,,,,,,,,,,,,,,,,,,,
R100,,,,,,,,,,,,,,,,,,,,,,,,,,,,,,,,,,,,,,,,,,,,,,,,,,,,,,,,,,,,,,,,,,,,,,,,,,,,
R101,,,,,,,,,,,,,,,,,,,,,,,,,,,,,,,,,,,,,,,,,,,,,,,,,,,,,,,,,,,,,,,,,,,,,,,,,,,,
R102,,,,,,,,,,,,,,,,,,,,,,,,,,,,,,,,,,,,,,,,,,,,,,,,,,,,,,,,,,,,,,,,,,,,,,,,,,,,
R103,,,,,,*/pr藢im藞蓱e摊rjo/,,,,,,,,,,,,,,,*/t藢ertj藞蓱e摊rjo/,,,,,*/vv藢蓱rt酞藞蓱e摊rjo/,,,*/vv藢in藞蓱e摊rjo/,,,,*/s藢es酞t酞藞蓱e摊rjo/,,,,,,,,,,,,,*/d酞藢en酞藞蓱e摊rjo/,,,,,,,,,,,,,,,,,,,,,,,,,,,,,,
R104,,,,,,,,,,,,,,,,,,,,,,,,,,,,,,,,,,,,,,,,,,,,,,,,,,,,,,,,,,,,,,,,,,,,,,,,,,,,
R105,,,,,,,,,,,,,,,,,,,,,,,,,,,,,,,,,,,,,,,,,,,,,,,,,,,,,,,,,,,,,,,,,,,,,,,,,,,,
R106,,,,,,,,,,,,,,,,,,,,,,,,,,,,,,,,,,,,,,,,,,,,,,,,,,,,,,,,,,,,,,,,,,,,,,,,,,,,
R107,,,,,,,,,,,,,,,,,,,,,,,,,,,,,,,,,,,,,,,,,,,,,,,,,,,,,,,,,,,,,,,,,,,,,,,,,,,,
R108,,,,,,,,,,,,,,,,,,,,,,,,,,,,,,,,,,,,,,,,,,,,,,,,,,,,,,,,,,,,,,,,,,,,,,,,,,,,
R109,,,,,,,,,,,,,,,,,,,,,,,,,,,,,,,,,,,,,,,,,,,,,,,,,,,,,,,,,,,,,,,,,,,,,,,,,,,,
R110,,,,,,,,,,,,,,,,,,,,,,,,,,,,,,,,,,,,,,,,,,,,,,,,,,,,,,,,,,,,,,,,,,,,,,,,,,,,
R111,,,,,,*/pr藢im藞蓱jro/,,,,,,,,,,,,,,,*/t藢ertj藞蓱jro/,,,,,*/vv藢蓱rt酞藞蓱jro/,,,*/vv藢in藞蓱jro/,,,,*/s藢es酞t酞藞蓱jro/,,,,,,,,,,,,,*/d酞藢en酞藞蓱jro/,,,,,,,,,,,,,,,,,,,,,,,,,,,,,,
R112,,,,,,,,,,,,,,,,,,,,,,,,,,,,,,,,,,,,,,,,,,,,,,,,,,,,,,,,,,,,,,,,,,,,,,,,,,,,
R113,,,,,,,,,,,,,,,,,,,,,,,,,,,,,,,,,,,,,,,,,,,,,,,,,,,,,,,,,,,,,,,,,,,,,,,,,,,,
R114,,,,,,,,,,,,,,,*/m藞蓻蕽o/,,,,,,,,,,,,,,,,,,,,,,,,,,,,,,,,,,,,,,,,*/藢un酞dev藢i蕽藞en酞te/,*/v藢i蕽藞en酞t酞e/,,*/t酞藞r藢i蕽藞en酞t酞蓱/,,,,,,,,,,,,,,,,,,
R115,,,,,,,,,,,,,,,,*/m藢eet酞藞蓱t酞e/,,,,,,,,,,,,,,,,,,,,,,,,,,,,,,,,*/d酞藞蓴et汀蕛e/,*/t酞r藞eet汀蕛e/,,,*/s藞eet汀蕛e/,,,,,,,,,,,,,,,,,,,,,,,,
R116,,,,,,,,,,,,,,,,,,,,,,,,,,,,,,,,,,,,,,,,,,,,,,,,,,,,,,,,,,,,,,,,,,,,,,,,,,,,
R117,,,,,,,,,,,,,,,,,,,,,,,,,,,,,,,,,,,,,,,,,,,,,,,,,,,,,,,,,,,,,,,,,,,,,,,,,,,,
R118,,,,,,,,,,,,,,,,,,,,,,,,,,,,,,,,,,,,,,,,,,,,,,,,,,,,,,,,,,,,,,,,,,,,,,,,,,,,
R119,,,,,,,,,,,,,,,,,,,,,,,,,,,,,,,,,,,,,,,,,,,,,,,,,,,,,,,,,,,,,,,,,,,,,,,,,,,,
R120,,,,,,,,,,,,,,,,,,,,,,,,,,,,,,,,,,,,,,,,,,,,,,,,,,,,,,,,,,,,,,,,,,,,,,,,,,,,
R121,,,,,,,,,,,,,,,,,,,,,,,,,,,,,,,,,,,,,,,,,,,,,,,,,,,,,,,,,,,,,,,,,,,,,,,,,,,,
R122,,,,,,,,,,,,,,,,,,,,,,,,,,,,,,,,,,,,,,,,,,,,,,,,,,,,,,,,,*/v藢it汀蕛藞ezmo/,,*/t酞r藢it汀蕛藞ezmo/,,*/vv藢蓱d酞r蓱藞ezm蓱/,,*/vv藢in酞vv蓱藞ezm蓱/,,*/s藢exs蓱藞ezmo/,,*/s藢et酞t酞w蓱藞ezmo/,,*/藢ot酞t酞w藞ezmo/,,*/n酞藢on酞蓱藞ezmo/,,*/t汀蕛藢en酞t酞藞ezmo/,,,*/m藢ill藞ezmo/
R123,,,,,,,,,,,,,*/s藢e伞藞on酞d酞o/,*/d酞藞oblo/,,*/m藢eed酞藞蓱d酞e/,,,*/tr藞eblo/,,,,,*/vv藢蓱d酞藞蓻rn酞o/,,,,,,,,,,,,,,,,,,,*/d酞藞蓻d汀蕭e/,*/d酞藞蓻d汀蕭emo/,*/d酞藢ed汀蕭藞eno/,,,*/d酞藞蓴ed汀蕭e/,*/t酞r藞eed汀蕭e/,*/vv藢蓱t酞t酞藞蓴rd酞ed汀蕭e/,,*/s藞eed汀蕭e/,*/d酞藢ed汀蕭ess藞蓻t酞t酞e/,*/d藢ed汀蕭ed藞蓴xto/,,,*/v藢id汀蕭藞ezmo/,,*/t酞r藢id汀蕭藞ezmo/,,,,,,,,,,,,,,,,,
R124,,,,,,,,,,,,,,,,,,,,,,,,,,,,,,,,,,,,,,,,,,,,,,,,,,,,,,,,,,,,,,,,,,,,,,,,,,,,
R125,,,,,,,,,,,,,,,,,,,,,,,,,,,,,,,,,,,,,,,,,,,,,,,,,,,,,,,,,,,,,,,,,,,,,,,,,,,,
R126,,,,,,,,,,,,,,,,,,,,,,,,,,,,,,,,,,,,,,,,,,,,,,,,,,,,,,,,,,,,,,,,,,,,,,,,,,,,
R127,,,,,,,,,,,*/d酞藞oj/,,,,,,,,,,,,,,,,,,,,,,,,,,,,,,,,,,,,,*/d酞藞蓴jd汀蕭e/,,,,,,,,,,,,,,,,,,,,,,,,,,,,
R128,,,,,,,,,,,,,,,,,,,,,,,,,,,,,,,,,,,,,,,,,,,,,,,*/藞on酞t汀蕛t汀蕛e/,,,,*/vv藞in酞t汀蕛t汀蕛e/,,,,,,,,,,,,,,,,,,,,,,,,,
R129,,,,,,,,,,,,,,,,,,,,,,,,,,,,,,,,,,,,,,,,,,,,,,,,,,,,,,,,,,,,,,,,,,,,,,,,,,,,
R130,,,,,,,,,,,,,,,,,,,,,,,,,,,,,,,,,,,,,,,,,,,,,,,,,,,,,,,,,,,,,,,,,,,,,,,,,,,,
R131,,,,,,,,,,,,,,,,,,,,,,,,,,,,,,*/s藞蓻js/,,,,,,,*/藞蓴jt酞o/,*/藢ojt酞藞蓱vo/,*/藢ojt酞藞蓱n酞t酞e/,,,,,,,,,,,,,,,*/d藢ed汀蕭ed藞蓴jto/,,,,,,,,,,*/s藢ejs蓱藞en酞t酞蓱/,*/s藢ejs蓱藞ezmo/,,,*/藢ojt酞蓱藞en酞t酞蓱/,,,,,,,,
R132,,,,,,,,*/藞en酞t酞e伞ro/,,,,,,,,,,,,,,,,,,,,,,,,,,,,,,,,,,,,,,,,,,,,,,,,,,,,,,,,,,,,,,,,,,,,
R133,,,,,,,,,,,,,,,,,,,,,*/t藢irtj藞蓱jro/,,,,,,,,,,,,,,,,,,,,,,,,,,,,,,,,,,,,,,,,,,,,,,,,,,,,,,,
R134,,,,,,,,,,,,,,,,,,,,,,,,,,,,,,,,,,,,,,,,,,,,,,,,,,,,,,,,,,,,,,,,,,,,,,,,,,,,
R135,,,,,,,,,,,,,,,,,,,,,,,,,,,,,,,,,,,,,,,,,,,,,,,,,,,,,,,,,,,,,,,,,,,,,,,,,,,,
R136,,,,,,,,,,,,,,,*/m藞e蕽o/,,,,,,,,,,,,,,,*/s藞ejs/,,,,,,,*/藞ojt酞o/,,,,,,,,,,,*/d酞藞ojd汀蕭e/,,,,,,*/d藢ed汀蕭ed藞ojto/,,,,,,,,,,,,,,,,,,,,,,
R137,,,,,,,,,,,,,,,,,,,,,,,,,,,,,,,,,,,,,,,,,,,,,,,,,,,,,,,,,,,,,,,,,,,,,,,,,,,,
R138,,,,,,,,,,,,,,,,,,,,,,,,,,,,,,,,,,,,,,,,,,,,,,,,,,,,,,,*/藢un酞dev藢i蕽藞in酞te/,*/v藢i蕽藞in酞t酞e/,,*/t酞藞r藢i蕽藞in酞t酞蓱/,,,,,,,,,,,,,,,,,,
R139,,,,,,,,,,,,,,,,,,*/t酞藞蓻ert汀蕛o/,,,,,,*/vv藢蓱d酞藞蓻ern酞o/,,,,,,,*/s藞蓻es酞t酞o/,*/s藞蓻es酞t酞o/,,*/s藞蓻et酞t酞e/,*/s藞蓻et酞t酞emo/,,,,,*/n酞藞蓴eve/,,,*/d酞藞蓻ed汀蕭e/,*/d酞藞蓻ed汀蕭emo/,,,,,,*/vv藢蓱t酞t酞藞蓴erd酞ed汀蕭e/,,,*/d酞藢ed汀蕭ess藞蓻et酞t酞e/,,,,,,,,,,,,,,,,,,,*/t汀蕛藞蓻en酞t酞o/,,,,
R140,,,,,,,,,,,,,,,,,,*/t酞j藞ert汀蕛o/,,,,,,*/vv藢蓱d酞j藞ern酞o/,,,,,,,*/sj藞es酞t酞o/,*/sj藞es酞t酞o/,,*/sj藞et酞t酞e/,*/sj藞et酞t酞emo/,,,,,*/n酞w藞eve/,,,*/d酞j藞ed汀蕭e/,*/d酞j藞ed汀蕭emo/,,,,,,*/vv藢蓱t酞t酞w藞erd酞ed汀蕭e/,,,*/d酞藢ed汀蕭essj藞et酞t酞e/,,,,,,,,,,,,,,,,,,,*/t汀蕛j藞en酞t酞o/,,,,
R141,,,,,,,,,,,,,,,,,,,,,,,,,,,,,,,,,,,,,,,,,,,,,,,,,,,,,,,,,,,,,,,,,,,,,,,,,,,,
R142,,,,,,,,,,,,,,,,,,,,,,,,,,,,,,,,,,,,,,,,,,,,,,,,,,,,,,,,,,,,,,,,,,,,,,,,,,,,
R143,,,,,,,,,,,,,,,,,,,,,,,,,,,,,,,,,,,,,,,,,,,,,,,,,,,,,,,,,,,,,,,,,,,,,,,,,,,,
R144,,,,,,,,,,,,,,,,,,,,,,,,,,,,,,,,,,,,,,,,,,,,,,,,,,,,,,,*/藢un酞dev藢i藞in酞te/,*/v藢i藞in酞t酞e/,,*/t酞藞r藢i藞in酞t酞蓱/,,,,,,,,,,,,,,,,,,
R145,,,,,,,,,,,,,,,*/m藞eo/,,,,,,,,,,,,,,,,,,,,,,,,,,,,,,,,,,,,,,,,,,,,,,,,,,,,,,,,,,,,,
R146,,,,,,,,,,,,,,,,,,,,,,,,,,,,,,,,,,,,,,,,,,,,,,,,,,,,,,,,,,,,,,,,,,,,,,,,,,,,
R147,,,,,,,,,,,,,,,,,,,,,,,,,,,,,,,,,,,,,,,,,,,,,,,,,,,,,,,,,,,,,,,,,,,,,,,,,,,,
R148,,,,,,,,,,,,,,,,,,,,,,,,,,,,,,,,,,,,,,,,,,,,,,,,,,,,,,,,,,,,,,,,,,,,,,,,,,,,
R149,,,,,,,*/s藞emp蕩o/,,,,,,,,,,,,,,,,,,,,,,,,,,,,,,,,,,,,,,,,,,,,,,,,,,,,,,,,,,,,,,,,,,,,,
R150,,,,,,,,,,,,,,,,,,,,,,,,,,,,,,,,,,,,,,,,,,,,,,,,,,,,,,,,,,,,,,,,,,,,,,,,,,,,
R151,,,,,,,,,,,,,,,,,,,,,,*/v藞蓱t酞or/,*/v藞蓱rt酞o/,*/v藢蓱d酞j藞ern酞o/,*/v藢蓱d酞r藞蓱n酞t酞e/,*/v藢蓱rt酞藞蓱jro/,*/v藞in酞ve/,*/v藞in酞t酞o/,*/v藢in藞蓱jro/,,,,,*/sj藞et酞e/,*/sj藞et酞emo/,*/s藢et酞藞eno/,,,,,,,,,,,*/藞on酞t汀蕛e/,,,*/v藢蓱t酞w藞erd酞ed汀蕭e/,*/v藞in酞t汀蕛e/,,*/d酞藢ed汀蕭esj藞et酞e/,,,,,,,*/v藢蓱d酞r蓱藞en酞t酞蓱/,*/v藢蓱d酞r蓱藞ezm蓱/,*/v藢in酞v蓱藞en酞t酞蓱/,*/v藢in酞v蓱藞ezm蓱/,,,*/s藢et酞w蓱藞en酞t酞蓱/,*/s藢et酞w蓱藞ezmo/,,*/藢ot酞w藞ezmo/,,,,,,,
R152,,,,,,,,,,,,,,,,,,,,,,,,,,,,,,,,,,,,,,,,,,,,,,,,,,,,,,,,,,,,,,,,,,,,,,,,,,,,
R153,,,,,,,,,,,,,,,,,,,,,,,,,,,,,,,,,,,,,,,,,,,,,,,,,,,,,,,,,,,,,,,,,,,,,,,,,,,,
R154,,,,,,,,,,,,,,,,,,,,,,,,,,,,,,,,,,,,,,,,,,,,,,,,,,,,,,,,,,,,,,,,,,,,,,,,,,,,
R155,,,,,,,,,,,,,,,,,,,,,,,,,,,,,,,,,,,,,,,,,,,,,,,,,,,,,,,,,,,,,,,,,,,,,,,,,,,,
R156,,,,,,,,,,,,,,,,,,,,,,,,,,,,,,,,,,,,,,,,,,,,,,,,,,,,,,,,,,,,,,,,,,,,,,,,,,,,
R157,,,,,,,,,,,,,,,,,,,,,,,,,,,,,,,,,,,,,,,,,,,,,,,,,,,,,,,,,,,,,,,,,,,,,,,,,,,,
R158,,,,,,,,,,,,,,,,,,*/t酞j藞ert汀so/,,,,,,,,,,,,,,,,,,,,,,,,,*/d酞j藞ed汀ze/,*/d酞j藞ed汀zemo/,*/d酞藢ed汀z藞eno/,,*/藞on酞t汀se/,*/d酞藞ojd汀ze/,*/t酞r藞eed汀ze/,*/v藢蓱t酞w藞erd酞ed汀ze/,*/v藞in酞t汀se/,*/s藞eed汀ze/,*/d酞藢ed汀zesj藞et酞e/,*/d藢ed汀zed藞ojto/,,,*/v藢id汀z藞ezmo/,,*/t酞r藢id汀z藞ezmo/,,,,,,,,,,,,,*/t汀sj藞en酞t酞o/,*/t汀s藢en酞t酞藞ezmo/,*/t汀s藢en酞t酞藞en酞o/,,
R159,,,,,,,,,,,,,,,,,,,,,,,,,,,,,,,,,,,,,,,,,,,,,,,,,,,,,,,,,,,,,,,,,,,,,,,,,,,,
R160,,,,,,,,,,,,,,,,,,,,,,,,,,,,,,,,,,,,,,,,,,,,,,,,,,,,,,,,,,,,,,,,,,,,,,,,,,,,
R161,,,,,,,,,,,,,,,,,,,,,,,,,,,,,,,,,,,,,,,,,,,,,,,,,,,,,,,,,,,,,,,,,,,,,,,,,,,,
R162,,,,,,,,,,,,,,,,,,,,,,,,,,,,,,,,,,,,,,,,,,,,,,,,,,,,,,,,,,,,,,,,,,,,,,,,,,,,
R163,,,,,,,,,,,,,,,,,,,,,,,,,,,,,,,,,,,,,,,,,,,,,,,,,,,,,,,,,,,,,,,,,,,,,,,,,,,,
R164,,,,,,,,,,,,,,,,,,,,,,,,,,,,,,,,,,,,,,*/藢ojt酞藞蓱h史o/,,,,*/n酞藢oh史藞en酞o/,,,,,,,,,,,,,,,,,,,,,,,,,,,,,,,,,,
R165,,,,,,,,,,,,,,,,,,,,,,,,,,,,,,,,,,,,,,,,,,,,,,,,,,,,,,,,,,,,,,,,,,,,,,,,,,,,
R166,,,,,,,,,,,,,,,,,,,,,,,,,,,,,,,,,,,,,,,,,,,,,,,,,,,,,,,,,,,,,,,,,,,,,,,,,,,,
R167,,,,,,,,,,,,,,,,,,,,,,,,,,,,,,,,,,,,,,,,,,,,,,,,,,,,,,,,,,,,,,,,,,,,,,,,,,,,
R168,,,,,,,,,,,,,,,,,,,,,,,,,,,,,,,,,,,,,,,,,,,,,,,,,,,,,,,,,,,,,,,,,,,,,,,,,,,,
R169,,,,,,,,,,,,,,,,,,,,,,,,,,,,,,,,,,,,,,,,,,,,,,,,,,,,,,,,,,,,,,,,,,,,,,,,,,,,
R170,,,,,,,,,,,,,,,,,,,,,,,,,,,,,,,,,,,,,,,,,,,,,,,,,,,,,,,,,,,,,,,,,,,,,,,,,,,,
R171,,,,,,,,,,,,,,,,,,,,,,,,,,,,,,,,,,,,,,,,,,,,,,,,,,,,,,,,,,,,,,,,,,,,,,,,,,,,
R172,,,,,,,,,,,,,,,,,,,,,,,,,,,,,,,,,,,,,,,,,,,,,,,,,,,,,,,,,,,,,,,,,,,,,,,,,,,,
R173,,,,,,,,,,,,,,,,,,,,,,,,,,,,,,,,,,,,,,,,,,,,,,,,,,,,,,,,,,,,,,,,,,,,,,,,,,,,
R174,,,,,,,,,,,,,,,,,,,,,,,,,,,,,,,,,,,,,,,,,,,,,,,,,,,,,,,,,,,,,,,,,,,,,,,,,,,,
R175,,,,,,,*/s藞emt汀蕛o/,,,,,,,,,,,,,,,,,,,,,,,,,,,,,,,,,,,,,,,,,,,,,,,,,,,,,,,,,,,,,,,,,,,,,
R176,,,,,*/p删藞imo/,*/p删藢im藞蓱j删o/,,*/藞en酞t酞e伞删o/,,,,,,,,,*/t删藞es/,*/t酞j藞e删t汀so/,*/t删藞eblo/,*/t删藞en酞te/,*/t藢i删tj藞蓱j删o/,*/v藞蓱t酞o删/,*/v藞蓱删t酞o/,*/v藢蓱d酞j藞e删n酞o/,*/v藢蓱d酞删藞蓱n酞t酞e/,*/v藢蓱删t酞藞蓱j删o/,,,*/v藢in藞蓱j删o/,,,,*/s藢es酞t酞藞蓱j删o/,,,,,,,,,,,,,*/d酞藢en酞藞蓱j删o/,,,*/t酞删藞eed汀ze/,*/v藢蓱t酞w藞e删d酞ed汀ze/,,,,,,,,*/t酞藞删藢i藞in酞t酞蓱/,*/t酞删藢id汀z藞ezmo/,*/v藢蓱d酞删蓱藞en酞t酞蓱/,*/v藢蓱d酞删蓱藞ezm蓱/,,,,,,,,,,,,,,,
R177,,,,,,,,,,,,,,,,,,,,,,,,,,,,,,,,,,,,,,,,,,,,,,,,,,,,,,,,,,,,,,,,,,,,,,,,,,,,
R178,,,,,,,,,,,,,,,,,,,,,,,,,,,,,,,,,,,,,,,,,,,,,,,,,,,,,*/d酞藢ed汀zsj藞et酞e/,*/d藢ed汀zd藞ojto/,*/藢un酞dv藢i藞in酞te/,,,,,,,,,,,,,,,,,,,,,
R179,,,,,,,,,,,,,,,,,,,,,,,,,,,,,,,,,,,,,,,,,,,,,,,,,,,,,,,,,,,,,,,,,,,,,,,,,,,*/m藞i蕩e/,*/m藢i蕩藞ezmo/
R180,,,,,,,,,,,,,,,,,,,,,,,,,,,,,,,,,,,,,,,,,,,,,,,,,,,,,,,,,,,,,,,,,,,,,,,,,,,,
R181,,,,,,,,,,,,,,,,,,,,,,,,,,,,,,,,,,,*/sj藞et酞mo/,,,,,,,,,*/d酞j藞ed汀zmo/,,,,,,,,,,,,,,,,,,,,,,,,,,,,,,,,
R182,,,,,,,,,,,,,,,,,,,,,,,,,,,,,,,,,,,,,,,,,,,,,,,,,,,,,,,,,,,,,,,,,,,,,,,,,,,,
R183,,,,,,,,,,,,,,,,,,,,,,,,,,,,,,,,,,,,,,,,,,,,,,,,,,,,,,,,,,,,,,,,,,,,,,,,,,,,
R184,,,,,,,,,,,,,,,,,,,,,,,,,,,,,,,,,,,,,,,,,,,,,,,,,,,,,,,,,,,,,,,,,,,,,,,,,,,,
R185,,,,,,,,,,,,,,,,,,,,,,,,,,,,,,,,,,,,,,,,,,,,,,,,,,,,,,,,,,,,,,,,,,,,,,,,,,,,
R186,,,,,,,,,,,,,,,,,,,,,,,,,,,,,,,,,,,,,,,,,,,,,,,,,,,,,,,,,,,,,,,,,,,,,,,,,,,,
R187,,,,,,,,,,,,,,,,,,,,,,,,,,,,,,,,,,,,,,,,,,,,,,,,,,,,,,,,,,,,,,,,,,,,,,,,,,,,
R188,,,,,,,,,,,,,,,,,,,,,,,,,,,,,,,,,,,,,,*/藢ojt酞藞蓱vo/,,,,*/n酞藢ov藞en酞o/,,,,,,,,,,,,,,,,,,,,,,,,,,,,,,,,,,
R189,,,,,,,,,,,,,,,,,,,,,,,,,,,,,,,,,,,,,,,,,,,,,,,,,,,,,,,,,,,,,,,,,,,,,,,,,,,,
R190,,,,,,,,,,,,,,,,,,,,,,,,,,,,,,,,,,,,,,,,,,,,,,,,,,,,,,,,,,,,,,,,,,,,,,,,,,,,
R191,,,,,,,,,,,,,,,,,,,,,,,,,,,,,,,,,,,,,,,,,,,,,,,,,,,,,,,,,,,,,,,,,,,,,,,,,,,,
R192,,,,,,,,,,,,,,,,,,,,,,,,,,,,,,,,,,,,,,,,,,,,,,,,,,,,,,,,,,,,,,,,,,,,,,,,,,,,
R193,,,,,,,,,,,,,,,,,,,,,,,,,,,,,,,,,,,,,,,,,,,,,,,,,,,,,,,,,,,,,,,,,,,,,,,,,,,,
R194,,,,,,,,,,,,,,,,,,,,,,,,,,,,,,,,,,,,,,,,,,,,,,,,,,,,,,,,,,,,,,,,,,,,,,,,,,,,
R195,,,,,,,,,,,,,,,,,,,,,,,,,,,,,,,,,,,,,,,,,,,,,,,,,,,,,,,,,,,,,,,,,,,,,,,,,,,,
R196,,,,,,,,,,,,,,,,,,,,,,,,,,,,,,,,,,,,,,,,,,,,,,,,,,,,,,,,,,,,,,,,,,,,,,,,,,,,
R197,,,,,,,,,,,,,,,,,,,,,,,,,,,,,,,,,,,,,,,,,,,,,,,,,,,,,,,,,,,,,,,,,,,,,,,,,,,,
R198,,,,,,,,,,,,,,,,,,,,,,,,,,,,,,,,,,,,,,,,,,,,,,,,,,,,,,,,,,,,,,,,,,,,,,,,,,,,
R199,,,,,,,,,,,,,,,,,,,,,,,,,,,,,,,,,,,,,,,,,,,,,,,,,,,,,,,,,,,,,,,,,,,,,,,,,,,,
R200,,,,,,,,,,,,,,,,,,,,,,,,,,,,,,,,,,,,,,,,,,,,,,,,,,,,,,,,,,,,,,,,,,,,,,,,,,,,
R201,,,,,,,,,,,,,,,,,,,,,,,,,,,,,,,,,,,,,,,,,,,,,,,,,,,,,,,,,,,,,,,,,,,,,,,,,,,,
R202,,,,,,,,,,,,,,,,,,,,,,,,,,,,,,,,,,,,,,,,,,,,,,,,,,,,,,,,,,,,,,,,,,,,,,,,,,,,
R203,,,,,,,,,,,,,,,,,,,,,,,,,,,,,,,,,,,,,,,,,,,,,,,,,,,,,,,,,,,,,,,,,,,,,,,,,,,,
R204,,,,,,,,,,,,,,,,,,,,,,,,,,,,,,,,,,,,,,,,,,,,,,,,,,,,,,,,,,,,,,,,,,,,,,,,,,,,
R205,,,,,,,,,,,,,,,,,,,,,,,,,,,,,,,,,,,,,,,,,,,,,,,,,,,,,,,,,,,,,,,,,,,,,,,,,,,,
R206,,,,,,*/p删藢im藞ej删o/,,,,,,,,,,,,,,,*/t藢i删tj藞ej删o/,,,,,*/v藢蓱删t酞藞ej删o/,,,*/v藢in藞ej删o/,,,,*/s藢es酞t酞藞ej删o/,,,,,,,,,,,,,*/d酞藢en酞藞ej删o/,,,,,,,,,,,,,,,,,,,,,,,,,,,,,,
R207,,,,,,,,,,,,,,,,,,,,,,,,,,,,,,,,,,,,,,,,,,,,,,,,,,,,,,,,,,,,,,,,,,,,,,,,,,,,
R208,,,,,,,,,,,,,,,,,,,,,,,,,,,,,,,,,,,,,,,,,,,,,,,,,,,,,,,,,,,,,,,,,,*/s藢eo摊t酞w蓱藞en酞t酞蓱/,*/s藢eo摊t酞w蓱藞ezmo/,,,,,,,,,
R209,,,,,,,,,,,,,,,,,,,,,,,,,,,,,,,,,,,,,,,,,,,,,,,,,,,,,,,,,,,,,,,,,,,,,,,,,,,,
R210,,,,,,,,,,,,,,,,,,,,,,,,,,,,,,,,,,,,,,,,,,,,,,,,,,,,,,,,,,,,,,,,,,,,,,,,,,,,
R211,,,,,,,,,,,,,,,,,,,,,,,,,,,,,,,,,,,,,,,,,,,,,,,,,,,,,,,,,,,,,,,,,,,,,,,,,,,,
R212,,,,,,,,,,,,,,,,,,,,,,,,,,,,,,,,,,,,,,,,,,,,,,,,,,,,,,,,,,,,,,,,,,,,,,,,,,,,
R213,,,,,,,,,,,,,,,,,,,,,,,,,,,,,,,,,,,,,,,,,,,,,,,,,,,,,,,,,,,,,,,,,,,,,,,,,,,,
R214,,,,,,,,,,,,,,,,,,,,,,,,,,,,,,,,,,,,,,,,,,,,,,,,,,,,,,,,,,,,,,,,,,,,,,,,,,,,
R215,,,,,,,,,,,,,,,,,,,,,,,,,,,,,,,,,,,,,,,,,,,,,,,,,,,,,,,,,,,,,,,,,,,,,,,,,,,,
R216,,,,,,,,,,,,,,,,,,,,,,,,,,,,,,,,,,,,,,,,,,,,,,,,,,,,,,,,,,,,,,,,,,,,,,,,,,,,
R217,,,,,,,,,,,,,,,,,,,,,,,,,,,,,,,,,,,,,,,,,,,,,,,,,,,,,,,,,,,,,,,,,,,,,,,,,,,,
R218,,,,,,,,,,,,,,,,,,,,,,,,,,,,,,,,,,,,,,,,,,,,,,,,,,,,,,,,,,,,,,,,,,*/s藢ewt酞蓱藞en酞t酞蓱/,*/s藢ewt酞蓱藞ezmo/,,,,,,,,,
R219,,,,,,,,,,,,,,,,,,,,,,,,,,,,,,,,,,,,,,,,,,,,,,,,,,,,,,,,,,,,,,,,,,,,,,,,,,,,
R220,,,,,,,,,,,,,,,,,,,,,,,,,,,,,,,,,,,,,,,,,,,,,,,,,,,,,,,,,,,,,,,,,,,,,,,,,,,,
R221,,,,,,,,,,,,,,,,,,,,,,,,,,,,,,,,,,,,,*/藞ojt汀蕛o/,*/藢ojt汀蕛藞蓱vo/,*/藢ojt汀蕛藞蓱n酞t酞e/,,,,,,,,,,,,,,,,,,,,,,,,,*/s藢ej蕛蓱藞en酞t酞蓱/,*/s藢ej蕛蓱藞ezmo/,,,*/藢ojt汀蕛蓱藞en酞t酞蓱/,,,,,,,,
R222,,,,,,,,,,,,,,,,,,,,,,,,,,,,,,,,,,,,,,,,,,,,,,,,,,,,,,,,,,,,,,,,,,,,,,,,,,,,
R223,,,,,,*/p删藢im藞藞e藧删o/,,,,,,,,,,,,,,,*/t藢i删tj藞藞e藧删o/,,,,,*/v藢蓱删t酞藞藞e藧删o/,,,*/v藢in藞藞e藧删o/,,,,*/s藢es酞t酞藞藞e藧删o/,,,,,,,,,,,,,*/d酞藢en酞藞藞e藧删o/,,,,,,,,,,,,,,,,,,*/s藢e藧蕛蓱藞en酞t酞蓱/,*/s藢e藧蕛蓱藞ezmo/,,,,,,,,,,,
R224,,,,,,*/p删藢im藞e删o/,,,,,,,,,,,,,,,*/t藢i删tj藞e删o/,,,,,*/v藢蓱删t酞藞e删o/,,,*/v藢in藞e删o/,,,,*/s藢es酞t酞藞e删o/,,,,,,,,,,,,,*/d酞藢en酞藞e删o/,,,,,,,,,,,,,,,,,,*/s藢e蕛蓱藞en酞t酞蓱/,*/s藢e蕛蓱藞ezmo/,,,,,,,,,,,
R225,,,,,,,,,,,,,,,,*/m藢ed酞藞蓱d酞e/,,,,,,,,,,,,,,,,,,,,,,,,,,,,,,,,,*/t酞删藞ed汀ze/,,,*/s藞ed汀ze/,,,,,,,,,,,,,,,,,,,,,,,,
R226,,,,,,,,,,,,,,,,,,,,,,,,,,,,,,,,,,,,,,,,,,,,,,,,,,,,,,,,,,,,,,,,,,,,,,,,,,,,
R227,,,,,,,,,,,,,,,,,,,,,,,,,,,,,,,,,,,,,,,,,,,,,,,,,,,,,,,,,,,,,,,,,,,,,,,,,,,,
R228,,,,,,,,,,,,,,,,,,,,,,,,,,,,,,,,,,,,,,,,,,,,,,,,,,,,,,,,,,,,,,,,,,,,,,,,,,,,
R229,,,,,,,,,,,,,,,,,,,,,,,,,,,,,,,,,,,,,,,,,,,,,,,,,,,,,,,,,,,,,,,,,,,,,,,,,,,,
R230,,,,,,,,,,,,,,,,,,,,,,,,,,,,,,,,,,,,,,,,,,,,,,,,,,,,,,,,,,,,,,,,,,,,,,,,,,,,
R231,,,,,,,,,,,,,,,,,,,,,,,,,,,,,,,,,,,,,,,,,,,,,,,,,,,,,,,,,,,,,,,,,,,,,,,,,,,,
R232,,,,,,,,,,,,,,,,,,,,,,,,,,,,,,,,,,,,,,,,,,,,,,,,,,,,,,,,,,,,,,,,,,,,,,,,,,,,
R233,,,,,,,,,,,,,,,,,,,,,,,,,,,,,,,,,,,,,,,,,,,,,,,,,,,,,,,,,,,,,,,,,,,,,,,,,,,,
R234,,,,,,,,,,,,,,,,,,,,,,,,,,,,,,,,,,,,,,,,,,,,,,,,,,,,,,,,,,,,,,,,,,,,,,,,,,,,
R235,,,,,,,,,,,,,,,,,,,,,,,,,,,,,,,,,,,,,*/藞ot汀蕛o/,*/藢ot汀蕛藞蓱vo/,*/藢ot汀蕛藞蓱n酞t酞e/,,,,,,,,,,,,,,,,,,,,,,,,,,,,,*/藢ot汀蕛蓱藞en酞t酞蓱/,,,,,,,,
R236,,,,,,,,,,,,,,,,,,,,,,,,,,,,,,,,,,,,,,,,,,,,,,,,,,,,,,,,,,,,,,,,,,,,,,,,,,,,
R237,,,,,,,,,,,,,,,,,,,,,,,,,,,,,,,,,,,,,,,,,,,,,,,,,,,,,,,,,,,,,,,,,,,,,,,,,,,,
R238,,,,,,,,,,,,,,,,,,,,,,,,,,,,,,,,,,,,,,,,,,,,,,,,,,,,,,,,,,,,,,,,,,,,,,,,,,,,
R239,,,,,,,,,,,,,,,,,,,,,,,,,,,,,,,,,,,,,,,,,,,,,,,,,,,,,,,,,,,,,,,,,,,,,,,,,,,,
R240,,,,,,,,,,,,,,,,,,,,,,,,,,,,,,,,,,,,,,,,,,,,,,,,,,,,,,,,,,,,,,,,,,,,,,,,,,,,
R241,,,,,,,,,,,,,,,,,,,,,,,,,,,,,,,,,,,,,,,,,,,,,,,,,,,,,,,,,,,,,,,,,,,,,,,,,,,,
R242,,,,,,,,,,,,,,,,,,,,,,,,,,,,,,,,,,,,,,,,,,,,,,,,,,,,,,,,,,,,,,,,,,,,,,,,,,,,
R243,,,,,,,,,,,,,,,,,,,,,,,,,,,,,,,,,,,,,,,,,,,,,,,,,,,,,,,,,,,,,,,,,,,,,,,,,,,,
R244,,,,,,,,,,,,,,,,,,,,,,,,,,,,,,,,,,,,,,,,,,,,,,,,,,,,,,,,,,,,,,,,,,,,,,,,,,,,
R245,,,,,,,,,,,,,,,,,,,,,,,,,,,,,,,,,,,,,,,,,,,,,,,,*/d酞w藞ed汀ze/,,,,,,*/d藢ed汀zdw藞eto/,,,,,,,,,,,,,,,,,,,,,,
R246,,,,,,,,,,,,,,,,,,,,,,,,,,,,,,,,,,,,,,,,,,,,,,,,,,,,,,,,,,,,,,,,,,,,,,,,,,,,
R247,,,,,,,,,,,,,,,,,,,,,,,,,,,,,,,,,,,,,,,,,,,,,,,,,,,,,,,,,,,,,,,,,,,,,,,,,,,,
R248,,,,,,,,,,,,,,,,,,,,,,,,,,,,,,,,,,,,,,,,,,,,,,,,,,,,,,,,,,,,,,,,,,,,,,,,,,,,
R249,,,,,,,,,,,,,,,,,,,,,,,,,,,,,,,,,,,,,,,,,,,,,,,,,,,,,,,,,,,,,,,,,,,,,,,,,,,,
R250,,,,,,,,,,,,,,,,,,,,,,,,,,,,,,,,,,,,,,,,,,,,,,,,,,,,,,,,,,,,,,,,,,,,,,,,,,,,
R251,,,,,,,,,,,,,,,,,,,,,,*/b藞蓱t酞o删/,*/b藞蓱删t酞o/,*/b藢蓱d酞j藞e删n酞o/,*/b藢蓱d酞删藞蓱n酞t酞e/,*/b藢蓱删t酞藞e删o/,*/b藞in酞be/,*/b藞in酞t酞o/,*/b藢in藞e删o/,,,,,,,,,*/藢ot汀蕛藞蓱bo/,,*/n酞w藞ebe/,,*/n酞藢ob藞en酞o/,,,,,,,,*/b藢蓱t酞w藞e删d酞ed汀ze/,*/b藞in酞t汀se/,,,,*/藢un酞db藢i藞in酞te/,*/b藢i藞in酞t酞e/,*/b藢id汀z藞ezmo/,,,*/b藢蓱d酞删蓱藞en酞t酞蓱/,*/b藢蓱d酞删蓱藞ezm蓱/,*/b藢in酞b蓱藞en酞t酞蓱/,*/b藢in酞b蓱藞ezm蓱/,,,,,,,,,,,,,
R252,,,,,,,,,,,,,,,,,,,,,,,,,,,,,,,,,,,,,,,,,,,,,,,,,,,,,,,*/藢un酞db藢e藞in酞te/,*/b藢e藞in酞t酞e/,,*/t酞藞删藢e藞in酞t酞蓱/,,,,,,,,,,,,,,,,,,
R253,,,,,,,,,,,,,,,,,,,,,,,,,,,,,,,,,,,,,,,,,,,,,,,,,,,,,,,,,,,,,,,,,,,,,,,,,,,,
R254,,,,,,,,,,,,,,,,,,,,,,,,,,,,,,,,,,,,,,,,,,,,,,,,,,,,,*/d酞藢ed汀zj藞et酞e/,*/d藢ed汀zw藞eto/,,,,,,,,,,,,,,,,,,,,,,
R255,,,,,,,,,,,,,,,,*/m藢ed酞藞蓱d酞/,,,,,,,,,,,,,,,,,,*/sj藞et酞/,,,,,,,,,*/d酞j藞ed汀z/,,,,,*/d酞w藞ed汀z/,*/t酞删藞ed汀z/,*/b藢蓱t酞w藞e删d酞ed汀z/,,*/s藞ed汀z/,*/d酞藢ed汀zj藞et酞/,,,,,,,,,,,,,,,,,,,,,,,
R256,,,,,,,,,,,,,,,,,,,,,,,,,,,,,,,,,,,,,,,,,,,,,,,,,,,,,,,,,,,,,,,,,,,,,,,,,,,,
R257,,,,,,,,,,,,,,,,,,,,,,,,,,,,,,,,,,,,,,,,,,,,,,,,,,,,,,,,,,,,,,,,,,,,,,,,,,,,
R258,,,,,,,,,,,,,,,,,,,,,,,,,,,,,,,,,,,,,,,,,,,,,,,,,,,,,,,,,,,,,,,,,,,,,,,,,,,,
R259,,,,,,,,,,,,,,,,,,,,,,,,,,,,,,,,,,,,,,,,,,,,,,,,,,,,,,,,,,,,,,,,,,,,,,,,,,,,
R260,,,,,,,,,,,,,,,,,,,,,,,,,,,,,,,,,,,,,,,,,,,,,,,,,,,,,,,,,,,,,,,,,,,,,,,,,,,,
R261,,,,,,,,,,,,,,,,,,,,,,,,,,,,,,,,,,,,,,,,,,,,,,,,,,,,,,,,,,,,,,,,,,,,,,,,,,,,
R262,,,,,,,,,,,,,,,,,,,,,,,,,,,,,,,,,,,,,,,,,,,,,,,,,,,,,,,,,,,,,,,,,,,,,,,,,,,,
R263,,,,,,,,,,,,,,,,,,,,,,,,,,,,,,,,,,,,,,,,,,,,,,,,,,,,,,,,,,,,,,,,,,,,,,,,,,,,
R264,,,,,,,,,,,,,,,,,,,,,,,,,,,,,,,,,,,,,,,,,,,,,,,,,,,,,,,,,,,,,,,,,,,,,,,,,,,,
R265,,,,,,,,,,,,,,,,,,,,,,,,,,,,,,,,,,,,,,,,,,,,,,,,,,,,,,,,,,,,,,,,,,,,,,,,,,,,
R266,,,,,,,,,,,,,,,,,,,,,,,,,,,,,,,,,,,,,,,,,,,,,,,,,,,,,,,,,,,,,,,,,,,,,,,,,,,,
R267,,,,,,,,,,,,,,,,,,,,,,,,,,,,,,,,,,,,,,,,,,,,,,,,,,,,,,,,,,,,,,,,,,,,,,,,,,,,
R268,,,,,,,,,,,,,,,,,,,,,,,,,,,,,,,,,,,,,,,,,,,,,,,,,,,,,,,,,,,,,,,,,,,,,,,,,,,,
R269,,,,,,,,,,,,,,,,,,,,,,,,,,,,,,,,,,,,,,,,,,,,,,,,,,,,,,,,,,,,,,,,,,,,,,,,,,,,
R270,,,,,,,,,,,,,,,,,,,,,,,,,,,,,,,,,,,,,,,,,,,,,,,,,,,,,,,,,,,,,,,,,,,,,,,,,,,,
R271,,,,,,,*/s藞en酞t汀蕛o/,,,,,,,,,,,,,,,,,,,,,,,,,,,,,,,,,,,,,,,,,,,,,,,,,,,,,,,,,,,,,,,,,,,,,
R272,,,,,,,,,,,,,,,,,,*/t酞j藞e删s酞o/,,,,,,,,,,,,,,,,,,,,,,,,,*/d酞j藞ez酞/,*/d酞j藞ez酞mo/,*/d酞藢ez酞藞eno/,,*/藞on酞s酞e/,*/d酞w藞ez酞/,*/t酞删藞ez酞/,*/b藢蓱t酞w藞e删d酞ez酞/,*/b藞in酞s酞e/,*/s藞ez酞/,*/d酞藢ez酞j藞et酞/,*/d藢ez酞w藞eto/,,,*/b藢iz酞藞ezmo/,,*/t酞删藢iz酞藞ezmo/,,,,,,,,,,,,,*/s酞j藞en酞t酞o/,*/s酞藢en酞t酞藞ezmo/,*/s酞藢en酞t酞藞en酞o/,,
R273,,,,,,,,,,,,,,,,,,,,,,,,,,,,,,,,,,,,,,,,,,,*/d酞j藞es酞/,*/d酞j藞es酞mo/,*/d酞藢es酞藞eno/,,,*/d酞w藞es酞/,*/t酞删藞es酞/,*/b藢蓱t酞w藞e删d酞es酞/,,*/s藞es酞/,*/d酞藢es酞j藞et酞/,*/d藢es酞w藞eto/,,,*/b藢is酞藞esmo/,,*/t酞删藢is酞藞esmo/,,*/b藢蓱d酞删蓱藞esm蓱/,,*/b藢in酞b蓱藞esm蓱/,,*/s藢e蕛蓱藞esmo/,,*/s藢ewt酞蓱藞esmo/,,*/藢ot酞w藞esmo/,,*/n酞藢on酞蓱藞esmo/,,*/s酞藢en酞t酞藞esmo/,,,*/m藢i蕩藞esmo/
R274,,,,,,,,,,,,,,,,,,,,,,,,,,,,,,,*/sj藞est酞o/,*/sj藞est酞o/,*/s藢est酞藞e删o/,,,,,,,,,,,,,,,,,,,,,,,,,,,,,,,,,,,,,,,,,,,
R275,,,,,,,,,,,,,,,,,,,,,,,,,,,,,,,,,,,,,,,,,,,,,,,,,,,,,,,,,,,,,,,,*/s藢ex蓱藞en酞t酞蓱/,*/s藢ex蓱藞esmo/,,,,,,,,,,,
R276,,,,,,,,,,,,,,,,,,*/t酞j藞e删胃o/,,,,,,,,,,,,,,,,,,,,,,,,,*/d酞j藞e胃/,*/d酞j藞e胃mo/,*/d酞藢e胃藞eno/,,*/藞on酞胃e/,*/d酞w藞e胃/,*/t酞删藞e胃/,*/b藢蓱t酞w藞e删d酞e胃/,*/b藞in酞胃e/,*/s藞e胃/,*/d酞藢e胃j藞et酞/,*/d藢e胃w藞eto/,,,*/b藢i胃藞esmo/,,*/t酞删藢i胃藞esmo/,,,,,,,,,,,,,*/胃j藞en酞t酞o/,*/胃藢en酞t酞藞esmo/,*/胃藢en酞t酞藞en酞o/,,
R277,,,,,,,,,,,,,,,,,,,,,,,,,,,,,,,,,,,,,,,,,,,,,,,,,,,,,,,,,,,,,,,,,,,,,,,,,,,,
R278,,,*/un酞o/,*/un酞蓱/,,*/p删im藞e删o/,,,,,,,*/se伞藞on酞d酞o/,,,*/med酞藞蓱d酞/,,,,,*/ti删tj藞e删o/,,,*/b蓱d酞j藞e删n酞o/,*/b蓱d酞删藞蓱n酞t酞e/,*/b蓱删t酞藞e删o/,,,*/bin藞e删o/,,,,*/sest酞藞e删o/,,,*/set酞藞eno/,,*/ot汀蕛藞蓱bo/,*/ot汀蕛藞蓱n酞t酞e/,,,*/n酞ob藞en酞o/,,,*/d酞e胃藞eno/,*/d酞en酞藞e删o/,,,,*/b蓱t酞w藞e删d酞e胃/,,,*/d酞e胃j藞et酞/,*/de胃w藞eto/,*/un酞dbe藞in酞te/,*/be藞in酞t酞e/,*/bi胃藞esmo/,*/t酞藞删e藞in酞t酞蓱/,*/t酞删i胃藞esmo/,*/b蓱d酞删蓱藞en酞t酞蓱/,*/b蓱d酞删蓱藞esm蓱/,*/bin酞b蓱藞en酞t酞蓱/,*/bin酞b蓱藞esm蓱/,*/sex蓱藞en酞t酞蓱/,*/sex蓱藞esmo/,*/sewt酞蓱藞en酞t酞蓱/,*/sewt酞蓱藞esmo/,*/ot汀蕛蓱藞en酞t酞蓱/,*/ot酞w藞esmo/,*/n酞on酞蓱藞en酞t酞蓱/,*/n酞on酞蓱藞esmo/,,*/胃en酞t酞藞esmo/,*/胃en酞t酞藞en酞o/,,*/mi蕩藞esmo/
R279,,,,,,,,,,,,,,,,,,,,,,,,,,,,,,,,,,,,,,,,,,,,,,,,,,,,,,,,,,,,,,,,,,,,,,,,,,,*/m藞i蕽e/,*/mi蕽藞esmo/
null,null,null,null,null,null,null,null,null,null,null,null,null,null,null,null,null,null,null,null,null,null,null,null,null,null,null,null,null,null,null,null,null,null,null,null,null,null,null,null,null,null,null,null,null,null,null,null,null,null,null,null,null,null,null,null,null,null,null,null,null,null,null,null,null,null,null,null,null,null,null,null,null,null,null,null,null
null,null,null,null,null,null,null,null,null,null,null,null,null,null,null,null,null,null,null,null,null,null,null,null,null,null,null,null,null,null,null,null,null,null,null,null,null,null,null,null,null,null,null,null,null,null,null,null,null,null,null,null,null,null,null,null,null,null,null,null,null,null,null,null,null,null,null,null,null,null,null,null,null,null,null,null,null
