INPUT,/n酞藞u藧llum/,/r藞em/,/藢u藧n酞um/,/藢u藧n酞蓱m/,/d酞u藞o藧s/,/d酞u藞o/,/t酞r藞e藧s/,/t酞r藞e藧s/,/kw藞蓱t酞t酞uor/,/kw藞i藧n酞kwe/,/s藞eks/,/s藞ept酞em/,/藞okt酞o藧/,/n酞藞owem/,/d藞ekem/,/藞un酞d酞ekim/,/d酞u藞od酞ekim/,/t酞r藞e藧d酞ekim/,/kw藢蓱t酞t酞u藞ord酞ekim/,/kw藞i藧n酞d酞ekim/,/s藞e藧d酞ekim/,/d藢e藧kimets藞eptem/,/d藢e藧kimet藞okto藧/,/d藢e藧kimetn藞owem/,/w藢i藧伞藞in酞t酞i/,/tr藢i藧伞藞in酞t酞蓱/,/kw藢蓱d酞r蓱藧伞藞in酞t酞蓱m/,/kw藢i藧n酞kw蓱藧伞藞in酞t酞蓱m/,/s藢eks蓱藧伞藞in酞t酞蓱m/,/s藢ept蓱藧伞藞in酞t蓱m/,/藢okt蓱藧伞藞in酞t酞蓱m/,/n酞藢o藧n酞蓱藧伞藞in酞t酞蓱m/,/k藞en酞t酞um/,/m藞i藧llem/
R0,,,,,,,,,,*/kw藞i藧艐kwe/,,,,,,,,,,,,,,,,,,*/kw藢i藧艐kw蓱藧伞藞in酞t酞蓱m/,,,,,,
R1,,,,,,,,,,,,,,,,,,,,,,,,,,,,,,,,,,
R2,,,,,,,,,,,,,,,,,,,,,,,,,,,,,,,,,,
R3,,,,,,,,,,,,,,,,,,,,,,,,,,,,,,,,,,
R4,,,,,,,,,,,,,,,,,,,,,,,,,,,,,,,,,,
R5,,,,,,,,,,,,,,,,,,,,,,,,,,,,,,,,,,
R6,,,,,,,,,*/k桑史藞蓱t酞t酞uor/,*/k桑史藞i藧艐k桑史e/,,,,*/n酞藞o桑史em/,,,,,*/k桑史藢蓱t酞t酞u藞ord酞ekim/,*/k桑史藞i藧n酞d酞ekim/,,,,*/d藢e藧kimetn藞o桑史em/,*/桑史藢i藧伞藞in酞t酞i/,,*/k桑史藢蓱d酞r蓱藧伞藞in酞t酞蓱m/,*/k桑史藢i藧艐k桑史蓱藧伞藞in酞t酞蓱m/,,,,,,
R7,,,,,,,,,*/kw藞蓱t酞t酞uor/,*/kw藞i藧艐kwe/,,,,,,,,,*/kw藢蓱t酞t酞u藞ord酞ekim/,*/kw藞i藧n酞d酞ekim/,,,,,,,*/kw藢蓱d酞r蓱藧伞藞in酞t酞蓱m/,*/kw藢i藧艐kw蓱藧伞藞in酞t酞蓱m/,,,,,,
R8,,,,,,,,,,,,,,,,,,,,,,,,,,,,,,,,,,
R9,,,,,,,,,,,,,,,,,,,,,,,,,,,,,,,,,,
R10,,,,,,,,,,,,,,,,,,,,,,,,,,,,,,,,,,
R11,,,,,,,,,,,,,,,,,,,,,,,,,,,,,,,,,,
R12,,,,,,,,,,,,,,,,,,,,,,,,,,,,,,,,,,
R13,,,,,,,,,,,,,,,,,,,,,,,,,,,,,,,,,,
R14,,,,,,,,,,,,,,,,,,,,,,,,,,,,,,,,,,
R15,*/n酞藞u藧ll蕣m/,*/r藞蓻m/,*/藢u藧n酞蕣m/,,*/d酞蕣藞o藧s/,*/d酞蕣藞蓴/,,,*/kw藞蓱t酞t酞蕣蓴r/,*/kw藞i藧艐kw蓻/,*/s藞蓻ks/,*/s藞蓻pt酞蓻m/,*/藞蓴kt酞o藧/,*/n酞藞蓴桑史蓻m/,*/d藞蓻k蓻m/,*/藞蕣n酞d酞蓻k瑟m/,*/d酞蕣藞蓴d酞蓻k瑟m/,*/t酞r藞e藧d酞蓻k瑟m/,*/kw藢蓱t酞t酞蕣藞蓴rd酞蓻k瑟m/,*/kw藞i藧n酞d酞蓻k瑟m/,*/s藞e藧d酞蓻k瑟m/,*/d藢e藧k瑟m蓻ts藞蓻pt蓻m/,*/d藢e藧k瑟m蓻t藞蓴kto藧/,*/d藢e藧k瑟m蓻tn藞蓴桑史蓻m/,*/桑史藢i藧伞藞瑟n酞t酞瑟/,*/tr藢i藧伞藞瑟n酞t酞蓱/,*/kw藢蓱d酞r蓱藧伞藞瑟n酞t酞蓱m/,*/kw藢i藧艐kw蓱藧伞藞瑟n酞t酞蓱m/,*/s藢蓻ks蓱藧伞藞瑟n酞t酞蓱m/,*/s藢蓻pt蓱藧伞藞瑟n酞t蓱m/,*/藢蓴kt蓱藧伞藞瑟n酞t酞蓱m/,*/n酞藢o藧n酞蓱藧伞藞瑟n酞t酞蓱m/,*/k藞蓻n酞t酞蕣m/,*/m藞i藧ll蓻m/
R16,,,,,,,,,,,,,,,,,,,,,,,,,,,,,,,,,,
R17,,,,,,,,,,,,,,,,,,,,,,,,,,,,,,,,,,
R18,,,,,,,,,,,,,,,,,,,,,,,,,,,,,,,,,,
R19,,,,,,,,,,,,,,,,,,,,,,,,,,,,,,,,,,
R20,,,,,,,,,,,,,,,,,,,,,,,,,,,,,,,,,,
R21,,,,,,,,,,,,,,,,,,,,,,,,,,,,,,,,,,
R22,,,,,,,,,,,,,,,,,,,,,,,,,,,,,,,,,,
R23,,,,,,,,,,,,,,,,,,,,,,,,,,,,,,,,,,
R24,,,,,*/d酞w藞o藧s/,*/d酞w藞蓴/,,,*/kw藞蓱t酞t酞w蓴r/,,,,,,,,*/d酞w藞蓴d酞蓻k瑟m/,,*/kw藢蓱t酞t酞w藞蓴rd酞蓻k瑟m/,,,,,,,,,,,,,,,
R25,,,,,,,,,,,,,,,,,,,,,,,,,,,,,,,,,,
R26,,,,,,,,,,,,,,,,,,,,,,,,,,,,,,,,,,
R27,,,,,,,,,,,,,,,,,,,,,,,,,,,,,,,,,,
R28,,,,,,,,,,,,,,,,,,,,,,,,,,,,,,,,,,
R29,,,,,,,,,,,,,,,,,,,,,,,,,,,,,,,,,,
R30,,,,,,,,,,,,,,,,,,,,,,,,,,,,,,,,,,
R31,,,,,,,,,,,,,,,,,,,,,,,,,,,,,,,,,,
R32,,,,,,,,,,,,,,,,,,,,,,,,,,,,,,,,,,
R33,,,,,,,,,,,,,,,,,,,,,,,,,,,,,,,,,,
R34,,,,,,,,,,,,,,,,,,,,,,,,,,,,,,,,,,
R35,,,,,,,,,,,,,,,,,,,,,,,,,,,,,,,,,,
R36,,,,,,,,,,,,,,,,,,,,,,,,,,,,,,,,,,
R37,,,,,,,,,,,,,,,,,,,,,,,,,,,,,,,,,,
R38,,,,,,,,,,,,,,,,,,,,,,,,,,,,,,,,,,
R39,,,,,,,,,,,,,,,,,,,,,,,,,,,,,,,,,,
R40,,,,,,,,,,,,,,,,,,,,,,,,,,,,,,,,,,
R41,,,,,,,,,,,,,,,,,,,,,,,,,,,,,,,,,,
R42,,,,,,,,,,,,,,,,,,,,,,,,,,,,,,,,,,
R43,,,,,,,,,,,,,,,,,,,,,,,,,,,,,,,,,,
R44,,,,,,,,,,,,,,,,,,,,,,,,,,,,,,,,,,
R45,,,,,,,,,,,,,,,,,,,,,,,,,,,,,,,,,,
R46,,,,,,,,,,,,,,,,,,,,,,,,,,,,,,,,,,
R47,,,,,,,,,,,,,,,,,,,,,,,,,,,,,,,,,,
R48,,,,,,,,,,,,,,,,,,,,,,,,,,,,,,,,,,
R49,,,,,,,,,,,,,,,,,,,,,,,,,,,,,,,,,,
R50,,,,,,,,,,,,,,*/n酞藞蓴尾史蓻m/,,,,,,,,,,*/d藢e藧k瑟m蓻tn藞蓴尾史蓻m/,*/尾史藢i藧伞藞瑟n酞t酞瑟/,,,,,,,,,
R51,,,,,,,,,,,,,,,,,,,,,,,,,,,,,,,,,,
R52,,,,,,,,,,,,,,,,,,,,,,,,,,,,,,,,,,
R53,,,,,,,,,,,,,,,,,,,,,,,,,,,,,,,,,,
R54,,,,,,,,,,,,,,,,,,,,,,,,,,,,,,,,,,
R55,,,,,,,,,,,,,,,,,,,,,,,,,,,,,,,,,,
R56,,,,,,,,,,,,,,,,,,,,,,,,,,,,,,,,,,
R57,*/n酞藞ull蕣m/,,*/藢un酞蕣m/,*/藢un酞蓱m/,*/d酞w藞os/,,*/t酞r藞es/,*/t酞r藞es/,,*/kw藞i艐kw蓻/,,,*/藞蓴kt酞o/,,,,,*/t酞r藞ed酞蓻k瑟m/,,*/kw藞in酞d酞蓻k瑟m/,*/s藞ed酞蓻k瑟m/,*/d藢ek瑟m蓻ts藞蓻pt蓻m/,*/d藢ek瑟m蓻t藞蓴kto/,*/d藢ek瑟m蓻tn藞蓴尾史蓻m/,*/尾史藢i伞藞瑟n酞t酞瑟/,*/tr藢i伞藞瑟n酞t酞蓱/,*/kw藢蓱d酞r蓱伞藞瑟n酞t酞蓱m/,*/kw藢i艐kw蓱伞藞瑟n酞t酞蓱m/,*/s藢蓻ks蓱伞藞瑟n酞t酞蓱m/,*/s藢蓻pt蓱伞藞瑟n酞t蓱m/,*/藢蓴kt蓱伞藞瑟n酞t酞蓱m/,*/n酞藢on酞蓱伞藞瑟n酞t酞蓱m/,,*/m藞ill蓻m/
R58,,,,,,,,,,,,,,,,,,,,,,,,,,,,,,,,,,
R59,,,,,,,,,,,,,,,,,,,,,,,,,,,,,,,,,,
R60,,,,,,,,,,,,,,,,,,,,,,,,,,,,,,,,,,
R61,,,,,,,,,,,,,,,,,,,,,,,,,,,,,,,,,,
R62,,,,,,,,,,,*/s藞蓻xs/,,*/藞蓴xt酞o/,,,,,,,,,,*/d藢ek瑟m蓻t藞蓴xto/,,,,,,*/s藢蓻xs蓱伞藞瑟n酞t酞蓱m/,,*/藢蓴xt蓱伞藞瑟n酞t酞蓱m/,,,
R63,,,,,,,,,,,,,,,,,,,,,,,,,,,,,,,,,,
R64,,,,,,,,,,,,,,,,,,,,,,,,,,,,,,,,,,
R65,,,,,,,,,,,,,,,,,,,,,,,,,,,,,,,,,,
R66,,,,,,,,,,,,,,,,,,,,,,,,,,,,,,,,,,
R67,*/n酞藞ullom/,,*/藢un酞om/,,,,,,,,,,,,,*/藞on酞d酞蓻kem/,*/d酞w藞蓴d酞蓻kem/,*/t酞r藞ed酞蓻kem/,*/kw藢蓱t酞t酞w藞蓴rd酞蓻kem/,*/kw藞in酞d酞蓻kem/,*/s藞ed酞蓻kem/,*/d藢ekem蓻ts藞蓻pt蓻m/,*/d藢ekem蓻t藞蓴xto/,*/d藢ekem蓻tn藞蓴尾史蓻m/,*/尾史藢i伞藞en酞t酞e/,*/tr藢i伞藞en酞t酞蓱/,*/kw藢蓱d酞r蓱伞藞en酞t酞蓱m/,*/kw藢i艐kw蓱伞藞en酞t酞蓱m/,*/s藢蓻xs蓱伞藞en酞t酞蓱m/,*/s藢蓻pt蓱伞藞en酞t蓱m/,*/藢蓴xt蓱伞藞en酞t酞蓱m/,*/n酞藢on酞蓱伞藞en酞t酞蓱m/,*/k藞蓻n酞t酞om/,
R68,,,,,,,,,,,,,,,,,,,,,,,,,,,,,,,,,,
R69,,,,,,,,,,,,,,,,,,,,,,,,,,,,,,,,,,
R70,,,,,,,,,,,,,,,,,,,,,,,,,,,,,,,,,,
R71,,,,,,,,,,,,,,,,,,,,,,,,,,,,,,,,,,
R72,*/n酞藞ullo/,,*/藢un酞o/,*/藢un酞蓱/,,,,,,,,*/s藞蓻pt酞蓻/,,*/n酞藞蓴尾史蓻/,*/d藞蓻k蓻/,*/藞on酞d酞蓻ke/,*/d酞w藞蓴d酞蓻ke/,*/t酞r藞ed酞蓻ke/,*/kw藢蓱t酞t酞w藞蓴rd酞蓻ke/,*/kw藞in酞d酞蓻ke/,*/s藞ed酞蓻ke/,*/d藢ekem蓻ts藞蓻pt蓻/,,*/d藢ekem蓻tn藞蓴尾史蓻/,,,*/kw藢蓱d酞r蓱伞藞en酞t酞蓱/,*/kw藢i艐kw蓱伞藞en酞t酞蓱/,*/s藢蓻xs蓱伞藞en酞t酞蓱/,*/s藢蓻pt蓱伞藞en酞t蓱/,*/藢蓴xt蓱伞藞en酞t酞蓱/,*/n酞藢on酞蓱伞藞en酞t酞蓱/,*/k藞蓻n酞t酞o/,*/m藞ill蓻/
R73,,,,,,,,,,,,,,,,,,,,,,,,,,,,,,,,,,
R74,,,,,,,,,,*/k藞i艐kw蓻/,,,,,,,,,,,,,,,,,,*/k藢i艐kw蓱伞藞en酞t酞蓱/,,,,,,
R75,,,,,,,,,,,,,,,,,,,,,,,,,,,,,,,,,,
R76,,,,,,,,,,,,,,,,,,,,,,,,,,,,,,,,,,
R77,,,,,,,,,,,,,,,,,,,,,,,,,,,,,,,,,,
R78,,,,,,,,,,*/k什藞i艐kw蓻/,,,,,*/d藞蓻k什蓻/,*/藞on酞d酞蓻k什e/,*/d酞w藞蓴d酞蓻k什e/,*/t酞r藞ed酞蓻k什e/,*/kw藢蓱t酞t酞w藞蓴rd酞蓻k什e/,*/kw藞in酞d酞蓻k什e/,*/s藞ed酞蓻k什e/,*/d藢ek什em蓻ts藞蓻pt蓻/,*/d藢ek什em蓻t藞蓴xto/,*/d藢ek什em蓻tn藞蓴尾史蓻/,*/尾史藢i伞什藞en酞t酞e/,*/tr藢i伞什藞en酞t酞蓱/,*/kw藢蓱d酞r蓱伞什藞en酞t酞蓱/,*/k什藢i艐kw蓱伞什藞en酞t酞蓱/,*/s藢蓻xs蓱伞什藞en酞t酞蓱/,*/s藢蓻pt蓱伞什藞en酞t蓱/,*/藢蓴xt蓱伞什藞en酞t酞蓱/,*/n酞藢on酞蓱伞什藞en酞t酞蓱/,*/k什藞蓻n酞t酞o/,
R79,,,,,,,,,,*/c藞i艐kw蓻/,,,,,*/d藞蓻c蓻/,*/藞on酞d酞蓻ce/,*/d酞w藞蓴d酞蓻ce/,*/t酞r藞ed酞蓻ce/,*/kw藢蓱t酞t酞w藞蓴rd酞蓻ce/,*/kw藞in酞d酞蓻ce/,*/s藞ed酞蓻ce/,*/d藢ecem蓻ts藞蓻pt蓻/,*/d藢ecem蓻t藞蓴xto/,*/d藢ecem蓻tn藞蓴尾史蓻/,*/尾史藢i蔁藞en酞t酞e/,*/tr藢i蔁藞en酞t酞蓱/,*/kw藢蓱d酞r蓱蔁藞en酞t酞蓱/,*/c藢i艐kw蓱蔁藞en酞t酞蓱/,*/s藢蓻xs蓱蔁藞en酞t酞蓱/,*/s藢蓻pt蓱蔁藞en酞t蓱/,*/藢蓴xt蓱蔁藞en酞t酞蓱/,*/n酞藢on酞蓱蔁藞en酞t酞蓱/,*/c藞蓻n酞t酞o/,
R80,,,,,,,,,,,,,,,,,,,,,,,,,,,,,,,,,,
R81,,,,,,,,,,,,,,,,,,,,,,,,,,,,,,,,,,
R82,,,,,,,,,,,,,,,,,,,,,,,,,,,,,,,,,,
R83,,,,,,,,,,,,,,,,,,,,,,,,,,,,,,,,,,
R84,,,,,,,,,,,,,,,,,,,,,,,,,,,,,,,,,,
R85,,,,,,,,,,,,,,,,,,,,,,,,,*/尾史藢i蕽藞en酞t酞e/,*/tr藢i蕽藞en酞t酞蓱/,*/kw藢蓱d酞r蓱蕽藞en酞t酞蓱/,*/c藢i艐kw蓱蕽藞en酞t酞蓱/,*/s藢蓻xs蓱蕽藞en酞t酞蓱/,*/s藢蓻pt蓱蕽藞en酞t蓱/,*/藢蓴xt蓱蕽藞en酞t酞蓱/,*/n酞藢on酞蓱蕽藞en酞t酞蓱/,,
R86,,,,,,,,,,,,,,,,,,,,,,,,,,,,,,,,,,
~Late Latin,null*/n酞藞ullo/,null*/r藞蓻m/,null*/藢un酞o/,null*/藢un酞蓱/,null*/d酞w藞os/,null*/d酞w藞蓴/,null*/t酞r藞es/,null*/t酞r藞es/,null*/kw藞蓱t酞t酞w蓴r/,null*/c藞i艐kw蓻/,null*/s藞蓻xs/,null*/s藞蓻pt酞蓻/,null*/藞蓴xt酞o/,null*/n酞藞蓴尾史蓻/,null*/d藞蓻c蓻/,null*/藞on酞d酞蓻ce/,null*/d酞w藞蓴d酞蓻ce/,null*/t酞r藞ed酞蓻ce/,null*/kw藢蓱t酞t酞w藞蓴rd酞蓻ce/,null*/kw藞in酞d酞蓻ce/,null*/s藞ed酞蓻ce/,null*/d藢ecem蓻ts藞蓻pt蓻/,null*/d藢ecem蓻t藞蓴xto/,null*/d藢ecem蓻tn藞蓴尾史蓻/,null*/尾史藢i蕽藞en酞t酞e/,null*/tr藢i蕽藞en酞t酞蓱/,null*/kw藢蓱d酞r蓱蕽藞en酞t酞蓱/,null*/c藢i艐kw蓱蕽藞en酞t酞蓱/,null*/s藢蓻xs蓱蕽藞en酞t酞蓱/,null*/s藢蓻pt蓱蕽藞en酞t蓱/,null*/藢蓴xt蓱蕽藞en酞t酞蓱/,null*/n酞藢on酞蓱蕽藞en酞t酞蓱/,null*/c藞蓻n酞t酞o/,null*/m藞ill蓻/
R87,,,,,,,,,,,,,,,,,,,,,,,,,,,,,,,,,,
R88,,,,,,,,,,,,,,,,,,,,,,,,,,,,,,,,,,
R89,,,,,,,,,,,,,,,,,,,,,,,,,,,,,,,,,,
R90,,,,,,,,,,,,,,,,,,,,,,,,,,,,,,,,,,
R91,,,,,,,,,,,,,,,,,,,,,,,,,,,,,,,,,,
R92,,,,,,,,,,,,,,,,,,,,,,,,,,,,,,,,,,
R93,,,,,,,,,,,,,,,,,,,,,,,,,,,,,,,,,,
R94,,,,,,,,,,,,,,,,,,,,,,,,,,,,,,,,,,
R95,,,,,,,,,,,,,,,,,,,,,,,,,,,,,,,,,,
R96,,,,,,,,,,,,,,,,,,,,,,,,,,,,,,,,,,
R97,,,,,,,,,,,,,,,,,,,,,,,,,,,,,,,,,,
R98,,,,,,,,,,,,,,,,,,,,,,,,,,,,,,,,,,
R99,,,,,,,,,,,,,,,,,,,,,,,,,,,,,,,,,,
R100,,,,,,,,,,,,,,,,,*/d酞w藞蓴冒蓻ce/,*/t酞r藞e冒蓻ce/,,,*/s藞e冒蓻ce/,,,,,,*/kw藢蓱冒r蓱蕽藞en酞t酞蓱/,,,,,,,
R101,,,,,,,,,,,,,,,,,,,,,,,,,,,,,,,,,,
R102,,,,,,,,,,,,,,,,,,,,,,,,,,,,,,,,,,
R103,,,,,,,,,,,,,,,,,,,,,,,,,,,,,,,,,,
R104,,,,,,,,,,,,,,,,,,,,,,,,,,,,,,,,,,
R105,,,,,,*/d酞w藞蓴藧/,,,,,,,,,,,,,,,,,,,,,,,,,,,,
R106,,,,,,,,,,,,,,,,,,,,,,,,,,,,,,,,,,
R107,,,,,,,,,,,,,,*/n酞藞蓴藧尾史蓻/,*/d藞蓻藧c蓻/,,*/d酞w藞蓴藧冒蓻ce/,*/t酞r藞e藧冒蓻ce/,,,*/s藞e藧冒蓻ce/,,,*/d藢ecem蓻tn藞蓴藧尾史蓻/,,,,,,,,,,
R108,,,,,,,,,,,,,,,,,,,,,,,,,,,,,,,,,,
R109,,,,,,,,,,,,,,,,,,,,,,,,,,,,,,,,,,
R110,,*/r藞蓻藧m/,,,*/d酞w藞o藧s/,,*/t酞r藞e藧s/,*/t酞r藞e藧s/,,,,,,,,,,,,,,,,,,,,,,,,,,
=Early Gallo-Roman,null*/n酞藞ullo/,null*/r藞蓻藧m/,null*/藢un酞o/,null*/藢un酞蓱/,null*/d酞w藞o藧s/,null*/d酞w藞蓴藧/,null*/t酞r藞e藧s/,null*/t酞r藞e藧s/,null*/kw藞蓱t酞t酞w蓴r/,null*/c藞i艐kw蓻/,null*/s藞蓻xs/,null*/s藞蓻pt酞蓻/,null*/藞蓴xt酞o/,null*/n酞藞蓴藧尾史蓻/,null*/d藞蓻藧c蓻/,null*/藞on酞d酞蓻ce/,null*/d酞w藞蓴藧冒蓻ce/,null*/t酞r藞e藧冒蓻ce/,null*/kw藢蓱t酞t酞w藞蓴rd酞蓻ce/,null*/kw藞in酞d酞蓻ce/,null*/s藞e藧冒蓻ce/,null*/d藢ecem蓻ts藞蓻pt蓻/,null*/d藢ecem蓻t藞蓴xto/,null*/d藢ecem蓻tn藞蓴藧尾史蓻/,null*/尾史藢i蕽藞en酞t酞e/,null*/tr藢i蕽藞en酞t酞蓱/,null*/kw藢蓱冒r蓱蕽藞en酞t酞蓱/,null*/c藢i艐kw蓱蕽藞en酞t酞蓱/,null*/s藢蓻xs蓱蕽藞en酞t酞蓱/,null*/s藢蓻pt蓱蕽藞en酞t蓱/,null*/藢蓴xt蓱蕽藞en酞t酞蓱/,null*/n酞藢on酞蓱蕽藞en酞t酞蓱/,null*/c藞蓻n酞t酞o/,null*/m藞ill蓻/
R111,,,,,,,,,,,,,,,,,,,,,,,,,,,,,,,,,,
R112,,,,,,,,,,,,,,,,,,,,,,,,,,,,,,,,,,
R113,,,,,,,,,,,,,,,,,,,,,,,,,,,,,,,,,,
R114,,,,,,,,,,,,,,,,,,,,,,,,,,,,,,,,,,
R115,,,,,,,,,,,,,,,,,,,,,,,,,,,,,,,,,,
R116,,,,,,,,,,,,,,,,,,,,,,,,,,,,,,,,,,
R117,,,,,,,,,,,,,,,,,,,,,,,,,,,,,,,,,,
R118,,,,,,,,,,,,,,,,,,,,,,,,,,,,,,,,,,
R119,,,,,,,,,,,,,,,,,,,,,,,,,,,,,,,,,,
R120,,,,,,,,,,,,,,,,,,,,,,,,,,,,,,,,,,
R121,,,,,,,,,,,,,,,,,,,,,,,,,,,,,,,,,,
R122,,,,,,,,,,,,,,,,,,,,,,,,,,,,,,,,,,
R123,,,,,,,,,,,,,,,,,,,,,,,,,,,,,,,,,,
R124,,,,,,,,,,,,,,,,,,,,,,,,,,,,,,,,,,
R125,,,,,,,,,,,,,,,,,,,,,,,,,,,,,,,,,,
R126,,,,,,,,,,,,,,,,,,,,,,,,,,,,,,,,,,
R127,,,,,,,,,,,,,,,,,,,,,,,,,,,,,,,,,,
R128,,,,,,,,,,,,,,,,,,,,,,,,,,,,,,,,,,
R129,,,,,,,,,,,,,,,,,,,,,,,,,,,,,,,,,,
R130,,,,,,,,,,,,,,,,,,,,,,,,,,,,,,,,,,
R131,,,,,,,,,,,,,,,,,,,,,,,,,,,,,,,,,,
R132,,,,,,,,,,,,,,,,,,,,,,,,,,,,,,,,,,
R133,,,,,,,,,,,,,,,,,,,,,,,,,,,,,,,,,,
R134,,,,,,,,,,,,,,,,,,,,,,,,,,,,,,,,,,
R135,,,,,,,,,,,,,,,,,,,,,,,,,,,,,,,,,,
R136,,,,,,,,,,,,,,,,,,,,,,,,,,,,,,,,,,
R137,,,,,,,,,,,,,,,,,,,,,,,,,,,,,,,,,,
R138,,,,,,,,,,,,,,,,,,,,,,,,,,,,,,,,,,
R139,,,,,,,,,,,,,,,,,,,,,,,,,,,,,,,,,,
R140,,,,,,,,,,,,,,,,,,,,,,,,,,,,,,,,,,
R141,,,,,,,,,,,,,,,,,,,,,,,,,,,,,,,,,,
R142,,,,,,,,,,,,,,,,,,,,,,,,,,,,,,,,,,
R143,,,,,,,,,,,,,,,,,,,,,,,,,,,,,,,,,,
R144,,,,,,,,,,,,,,,,,,,,,,,,,,,,,,,,,,
R145,,,,,,,,,,,,,,,,,,,,,,,,,,,,,,,,,,
R146,,,,,,,,,,,,,,,,,,,,,,,,,,,,,,,,,,
R147,,,,,,,,,,,,,,,,,,,,,,,,,,,,,,,,,,
R148,,,,,,,,,,,,,,,,,,,,,,,,,,,,,,,,,,
R149,,,,,,,,,,,,,,,,,,,,,,,,,,,,,,,,,,
R150,,,,,,,,,,,,,,,,,,,,,,,,,,,,,,,,,,
R151,,,,,,,,,,,,,,,,,,,,,,,,,,,,,,,,,,
R152,,,,,,,,,,,,,,,,,,,,,,,,,,,,,,,,,,
R153,,,,,,,,,,,,,,,,,,,,,,,,,,,,,,,,,,
R154,,,,,,,,,,,,,,*/n酞藞蓴藧尾蓻/,,,,,,,,,,*/d藢ecem蓻tn藞蓴藧尾蓻/,*/尾藢i蕽藞en酞t酞e/,,,,,,,,,
R155,,,,,,,,,,,,,,,,,,,,,,,,,,,,,,,,,,
R156,,,,,,,,,,,,,,,,,,,,,,,,,,,,,,,,,,
R157,,,,,,,,,,,,,,,,,,,,,,,,,,,,,,,,,,
R158,,,,,,,,,,,,,,,,,,,,,,,,,,,,,,,,,,
R159,,,,,,,,,,,,,,,,,,,,,,,,,*/尾藢i蕽藞e藧n酞t酞e/,*/tr藢i蕽藞e藧n酞t酞蓱/,*/kw藢蓱冒r蓱蕽藞e藧n酞t酞蓱/,*/c藢i艐kw蓱蕽藞e藧n酞t酞蓱/,*/s藢蓻xs蓱蕽藞e藧n酞t酞蓱/,*/s藢蓻pt蓱蕽藞e藧n酞t蓱/,*/藢蓴xt蓱蕽藞e藧n酞t酞蓱/,*/n酞藢on酞蓱蕽藞e藧n酞t酞蓱/,,
R160,,,,,,,,,,,,,,,,,,,,,,,,,*/尾藢i蕽藞i藧n酞t酞e/,*/tr藢i蕽藞i藧n酞t酞蓱/,*/kw藢蓱冒r蓱蕽藞i藧n酞t酞蓱/,*/c藢i艐kw蓱蕽藞i藧n酞t酞蓱/,*/s藢蓻xs蓱蕽藞i藧n酞t酞蓱/,*/s藢蓻pt蓱蕽藞i藧n酞t蓱/,*/藢蓴xt蓱蕽藞i藧n酞t酞蓱/,*/n酞藢on酞蓱蕽藞i藧n酞t酞蓱/,,
R161,,,,,,,,,,,,,,,,,,,,,,,,,,,,,,,,,,
R162,,,,,,,,,,,,,,,,*/藞u虄n酞d酞蓻ce/,,,,,,,,,,,,,,,,*/n酞藢u虄n酞蓱蕽藞i藧n酞t酞蓱/,,
R163,,*/r藞ie摊m/,,,,*/d酞w藞uo摊/,,,,,,,,*/n酞藞uo摊尾蓻/,*/d藞ie摊c蓻/,,*/d酞w藞uo摊冒蓻ce/,,,,,,,*/d藢ecem蓻tn藞uo摊尾蓻/,,,,,,,,,,
R164,,,,,,,,,,,,,,,,,,,,,,,,,,,,,,,,,,
R165,,,,,,,,,,,,,,,,,,,,,,,,,,,,,,,,,,
R166,,,,,,,,,,,,,,,,,,,,,,,,,,,,,,,,,,
R167,,,,,,,,,,,,,,,,,,,,,,,,,,,,,,,,,,
R168,,,,,,,,,,,,,,,,,,,,,,,,,,,,,,,,,,
R169,,,,,,,,,,,,,,,,,,,,,,,,,,,,,,,,,,
R170,,,,,,,,,,,,,,,,,,,,,,,,,,,,,,,,,,
R171,,,,,,,,,,,,,,,,,,,,,,,,,,,,,,,,,,
R172,,,,,,,,,,,,,,,,,,,,,,,,,,,,,,,,,,
R173,,,,,,,,,,,,,,,,,,,,,,,,,,,,,,,,,,
R174,,,,,,,,,,,,,,,,,,,,,,,,,,,,,,,,,,
R175,,,,,,,,,,,,,,,,,,,,,,,,,,,,,,,,,,
R176,,,,,,,,,,*/t汀s什藞i艐kw蓻/,,,,,*/d藞ie摊t汀s什蓻/,*/藞u虄n酞d酞蓻t汀s什e/,*/d酞w藞uo摊冒蓻t汀s什e/,*/t酞r藞e藧冒蓻t汀s什e/,*/kw藢蓱t酞t酞w藞蓴rd酞蓻t汀s什e/,*/kw藞in酞d酞蓻t汀s什e/,*/s藞e藧冒蓻t汀s什e/,*/d藢et汀s什em蓻ts藞蓻pt蓻/,*/d藢et汀s什em蓻t藞蓴xto/,*/d藢et汀s什em蓻tn藞uo摊尾蓻/,,,,*/t汀s什藢i艐kw蓱蕽藞i藧n酞t酞蓱/,,,,,*/t汀s什藞蓻n酞t酞o/,
R177,,,,,,,,,,,,,,,,,,,,,,,,,,,,,,,,,,
R178,,,,,,,,,,,,,,,,,,,,,,,,,,,,,,,,,,
R179,,,,,,,,,,,,,,,,,,,,,,,,,,,,,,,,,,
R180,,,,,,,,,,,,,,,,,,,,,,,,,,,,,,,,,,
R181,,,,,,,,,,,,,,,,,,,,,,,,,,,,,,,,,,
R182,,,,,,,,,,,,,,,,,,,,,,,,,,,,,,,,,,
R183,,,,,,,,,,,,,,,,,,,,,,,,,,,,,,,,,,
R184,,,,,,,,,,,,,,,,,,,,,,,,,,,,,,,,,,
R185,,,,,,,,,,,,,,,,,,,,,,,,,,,,,,,,,,
R186,,,,,,,,,,,,,,,,,,,,,,,,,,,,,,,,,,
R187,,,,,,,,,,,,,,,,,,,,,,,,,,,,,,,,,,
R188,,,,,,,,,,,,,,,,,,,,,,,,,,,,,,,,,,
R189,,,,,,,,,,,,,,,,,,,,,,,,,,,,,,,,,,
R190,,,,,,,,,,,,,,,,,,,,,,,,,,,,,,,,,,
R191,,,,,,,,,,,,,,,,,,,,,,,,,,,,,,,,,,
R192,,,,,,,,,,,,,,,,,,,,,,,,,,,,,,,,,,
R193,,,,*/藢un酞a/,,,,,*/kw藞at酞t酞w蓴r/,,,,,,,,,,*/kw藢at酞t酞w藞蓴rd酞蓻t汀s什e/,,,,,,,*/tr藢i蕽藞i藧n酞t酞a/,*/kw藢a冒ra蕽藞i藧n酞t酞a/,*/t汀s什藢i艐kwa蕽藞i藧n酞t酞a/,*/s藢蓻xsa蕽藞i藧n酞t酞a/,*/s藢蓻pta蕽藞i藧n酞ta/,*/藢蓴xta蕽藞i藧n酞t酞a/,*/n酞藢u虄n酞a蕽藞i藧n酞t酞a/,,
R194,,,,,,,,,,,,,,,,,,,,,,,,,,,,,,,,,,
R195,,,,,,,,,,,,*/s藞蓻t酞t酞蓻/,,,,,,,,,,*/d藢et汀s什em蓻ts藞蓻t酞t蓻/,,,,,,,,*/s藢蓻t酞ta蕽藞i藧n酞ta/,,,,
R196,,,,,,,,,,,,,,,,,,,,,,,,,,,,,,,,,,
R197,,,,,,,,,,,,,,,,,,,,,,,,,,,,,,,,,,
R198,,,,,,,,,,,,,,,,,,,,,,,,,,,,,,,,,,
R199,,,,,,,,,,,,,,,,,,,,,,,,,,,,,,,,,,
R200,,,,,,,,,,,,,,,,,,,,,,,,,,,,,,,,,,
R201,,,,,*/d酞藞o藧s/,*/d酞藞uo摊/,,,*/kw藞at酞t酞蓴r/,,,,,,,,*/d酞藞uo摊冒蓻t汀s什e/,,*/kw藢at酞t酞藞蓴rd酞蓻t汀s什e/,,,,,,,,,,,,,,,
R202,,,,,,,,,,,*/s藞蓻莽s/,,*/藞蓴莽t酞o/,,,,,,,,,,*/d藢et汀s什em蓻t藞蓴莽to/,,,,,,*/s藢蓻莽sa蕽藞i藧n酞t酞a/,,*/藢蓴莽ta蕽藞i藧n酞t酞a/,,,
R203,,,,,,,,,,,,,,,,,,,,,,,,,,,,,,,,,,
R204,,,,,,,,,,,,,,,,,,,,,,,,,,,,,,,,,,
R205,,,,,,,,,,,,,,,,,,,,,,,,,,,,,,,,,,
R206,,,,,,,,,,,,,,,,,,,,,,,,,,,,,*/s藢e莽sa蕽藞i藧n酞t酞a/,,,,,
R207,,,,,,,,,,,,,,,,,,,,,,,,,,,,,,,,,,
R208,,,,,,,,,,,,,,,,,,,,,,,,,,,,,,,,,,
R209,,,,,,,,,,,,,,,,,,,,,,,,,,,,,,,,,,
R210,,,,,,,,,,,*/s藞蓻莽s什/,,*/藞蓴莽t酞什o/,,,,,,,,,,*/d藢et汀s什em蓻t藞蓴莽t什o/,,,,,,*/s藢e莽s什a蕽藞i藧n酞t酞a/,,*/藢蓴莽t什a蕽藞i藧n酞t酞a/,,,
R211,*/n酞藞蕢llo/,,*/藢蕢n酞o/,*/藢蕢n酞a/,,*/d酞藞蕢o摊/,,,,,,,,*/n酞藞蕢o摊尾蓻/,,,*/d酞藞蕢o摊冒蓻t汀s什e/,,,,,,,*/d藢et汀s什em蓻tn藞蕢o摊尾蓻/,,,,,,,,,,
R212,,,,,,,,,,,,,,,,,,,,,,,,,,,,,,,,,,
R213,,,,,,,,,,,,,,,,,,,,,,,,,,,,,,,,,,
R214,,,,,,,,,,,,,,,,,,,,,,,,,,,,,,,,,,
R215,,,,,,,,,,,,,,,,,,,,,,,,,*/尾藢i蕽藞in酞t酞e/,*/tr藢i蕽藞in酞t酞a/,*/kw藢a冒ra蕽藞in酞t酞a/,*/t汀s什藢i艐kwa蕽藞in酞t酞a/,*/s藢e莽s什a蕽藞in酞t酞a/,*/s藢蓻t酞ta蕽藞in酞ta/,*/藢蓴莽t什a蕽藞in酞t酞a/,*/n酞藢u虄n酞a蕽藞in酞t酞a/,,
R216,,,,,,,,,,,,,,,,,,,,,,,,,,,,,,,,,,
R217,,,,,,,,,,,,,,,,,,,,,,,,,,,,,,,,,,
R218,,,,,,,,,,,,,,,,,,,,,,,,,,,,,,,,,,
R219,,,,,,,,,,,,,,,,,,,,,,,,,,,,,,,,,,
R220,,,,,,,,,,,,,,,,,,,,,,,,,,,,,,,,,,
R221,,,,,,,,,,,,,,,,,,,,,,,,,,,,,,,,,,
R222,,,,,,,,,,,,,,,,,,,,,,,,,,,,,,,,,,
R223,,,,,,,,,,,,,,,,,,,,,,,,,,,,,,,,,,
R224,,,,,,,,,,,,,,,,,,,,,,,,,,,,,,,,,,
R225,,,,,,,,,,,*/s藞ie摊莽s什/,,*/藞uo摊莽t酞什o/,,,,,,,,,,*/d藢et汀s什em蓻t藞uo摊莽t什o/,,,,,,,,,,,
R226,,,,,,,,,,,,,,,,,,,,,,,,,,,,,,,*/藢u莽t什a蕽藞in酞t酞a/,,,
R227,,,,,,,,,,,,,,,,,,,,,,,,,,,,,,,,,,
R228,,,,,,,,,,,,,,,,,,,,,,,,,,,,,,,,,,
R229,,,,,,,,,,,,,,,,,,,,,,,,,,,,,,,,,,
R230,,,,,,,,,,,,,,,,,,,,,,,,,,,,,,,,,,
R231,,,,,,,,,,,,,,,,,,,,,,,,,,,,,,,,,,
R232,,,,,,,,,,,,,,,,,,,,,,,,,,,,,,,,,,
R233,,,,,,,,,,,,,,,,,,,,,,,,,,,,,,,,,,
R234,,,,,,,,,,,,,,,,,,,,,,,,,,,,,,,,,,
R235,,,,,,,,,,,,,,,,,,,,,,,,,,,,,,,,,,
R236,,,,,,,,,,,,,,,,,,,,,,,,,,,,,,,,,,
R237,,,,,,,,,,,,,,,,,,,,,,,,,,,,,,,,,,
=Middle Gallo-Roman,null*/n酞藞蕢llo/,null*/r藞ie摊m/,null*/藢蕢n酞o/,null*/藢蕢n酞a/,null*/d酞藞o藧s/,null*/d酞藞蕢o摊/,null*/t酞r藞e藧s/,null*/t酞r藞e藧s/,null*/kw藞at酞t酞蓴r/,null*/t汀s什藞i艐kw蓻/,null*/s藞ie摊莽s什/,null*/s藞蓻t酞t酞蓻/,null*/藞uo摊莽t酞什o/,null*/n酞藞蕢o摊尾蓻/,null*/d藞ie摊t汀s什蓻/,null*/藞u虄n酞d酞蓻t汀s什e/,null*/d酞藞蕢o摊冒蓻t汀s什e/,null*/t酞r藞e藧冒蓻t汀s什e/,null*/kw藢at酞t酞藞蓴rd酞蓻t汀s什e/,null*/kw藞in酞d酞蓻t汀s什e/,null*/s藞e藧冒蓻t汀s什e/,null*/d藢et汀s什em蓻ts藞蓻t酞t蓻/,null*/d藢et汀s什em蓻t藞uo摊莽t什o/,null*/d藢et汀s什em蓻tn藞蕢o摊尾蓻/,null*/尾藢i蕽藞in酞t酞e/,null*/tr藢i蕽藞in酞t酞a/,null*/kw藢a冒ra蕽藞in酞t酞a/,null*/t汀s什藢i艐kwa蕽藞in酞t酞a/,null*/s藢e莽s什a蕽藞in酞t酞a/,null*/s藢蓻t酞ta蕽藞in酞ta/,null*/藢u莽t什a蕽藞in酞t酞a/,null*/n酞藢u虄n酞a蕽藞in酞t酞a/,null*/t汀s什藞蓻n酞t酞o/,null*/m藞ill蓻/
R238,,,,,,,,,,,,,,,,,,,,,,,,,,,,,,,,,,
R239,,,,,,,,,,,,,,,,,,,,,,,,,,,,,,,,,,
R240,,,,,,,,,,,,,,,,,,,,,,,,,,,,,,,,,,
R241,,,,,,,,,,,,,,,,,,,,,,,,,,,,,,,,,,
R242,,,,,,,,,,,,,,,,,,,,,,,,,,,,,,,,,,
R243,,,,,,,,,,,,,,,,,,,,,,,,,,,,,,,,,,
R244,,,,,,,,,,,,,,,,,,,,,,,,,,,,,,,,,,
R245,,,,,,,,,,,,,,,,,,,,,,,,,,,,,,,,,,
R246,,,,,,,,,,,,,,,,,,,,,,,,,,,,,,,,,,
R247,,,,,,,,,,,,,,,,,,,,,,,,,,,,,,,,,,
R248,,,,,,,,,,,,,,,,,,,,,,,,,,,,,,,,,,
R249,,,,,,,,,,,,,,,,,,,,,,,,,,,,,,,,,,
R250,,,,,,,,,,,,,,,,,,,,,,,,,,,,,,,,,,
R251,,,,,,,,,,,,,,,,,,,,,,,,,,,,,,,,,,
R252,,,,,,,,,,,,,,,,,,,,,,,,,,,,,,,,,,
R253,,,,,,,,,,,,,,,,,,,,,,,,,,,,,,,,,,
R254,,,,,,,,,,,,,,,,,,,,,,,,,,,,,,,,,,
R255,,,,,,,,,,,,,,,,,,,,,,,,,,,,,,,,,,
R256,,,,,,,,,,,,,,,,,,,,,,,,,,,,,,,,,,
R257,,,,,,,,,,,,,,,,*/藞u虄n酞d酞蓹t汀s什e/,*/d酞藞蕢o摊冒蓹t汀s什e/,*/t酞r藞e藧冒蓹t汀s什e/,*/kw藢at酞t酞藞蓴rd酞蓹t汀s什e/,*/kw藞in酞d酞蓹t汀s什e/,*/s藞e藧冒蓹t汀s什e/,,,,,,,,,,,,,
R258,,,,,,,,,,,,,,,,,,,,,,,,,,,,,,,,,,
R259,,,,,,,,,,,,,,,,,,,,,,,,,,,,,,,,,,
R260,,,,,,,,,,,,,,,,,,,,,,,,,,,,,,,,,,
R261,,,,,,,,,*/kw藞at酞t酞蓹r/,,,,,,,,,,,,,*/d藢et汀s什蓹m蓹ts藞蓻t酞t蓻/,*/d藢et汀s什蓹m蓹t藞uo摊莽t什o/,*/d藢et汀s什蓹m蓹tn藞蕢o摊尾蓻/,,,,,,,,,,
R262,*/n酞藞蕢ll蓹/,,*/藢蕢n酞蓹/,,,,,,,*/t汀s什藞i艐kw蓹/,,*/s藞蓻t酞t酞蓹/,*/藞uo摊莽t酞什蓹/,*/n酞藞蕢o摊尾蓹/,*/d藞ie摊t汀s什蓹/,*/藞u虄n酞d酞蓹t汀s什蓹/,*/d酞藞蕢o摊冒蓹t汀s什蓹/,*/t酞r藞e藧冒蓹t汀s什蓹/,*/kw藢at酞t酞藞蓴rd酞蓹t汀s什蓹/,*/kw藞in酞d酞蓹t汀s什蓹/,*/s藞e藧冒蓹t汀s什蓹/,*/d藢et汀s什蓹m蓹ts藞蓻t酞t蓹/,*/d藢et汀s什蓹m蓹t藞uo摊莽t什蓹/,*/d藢et汀s什蓹m蓹tn藞蕢o摊尾蓹/,*/尾藢i蕽藞in酞t酞蓹/,,,,,,,,*/t汀s什藞蓻n酞t酞蓹/,*/m藞ill蓹/
R263,,,,,,,,,,,,,,,,,,,,,,,,,,,,,,,,,,
R264,,,,,,,,,,,,,,,,,,,,,,,,,,,,,,,,,,
R265,,,,,,,,,,,,,,,,,,,,,,,,,,,,,,,,,,
R266,,,,,,,,,,,,,,,,,,,,,,,,,,,,,,,,,,
R267,,,,,,,,,,,,,,,,,,,,,,,,,,,,,,,,,,
R268,,,,,,,,,,,,,,,,,,,,,,,,,,,,,,,,,,
R269,*/n酞藞蕢ll蓹摊/,,*/藢蕢n酞蓹摊/,,,,,,*/kw藞at酞t酞蓹摊r/,*/t汀s什藞i艐kw蓹摊/,,*/s藞蓻t酞t酞蓹摊/,*/藞uo摊莽t酞什蓹摊/,*/n酞藞蕢o摊尾蓹摊/,*/d藞ie摊t汀s什蓹摊/,*/藞u虄n酞d酞蓹摊t汀s什蓹摊/,*/d酞藞蕢o摊冒蓹摊t汀s什蓹摊/,*/t酞r藞e藧冒蓹摊t汀s什蓹摊/,*/kw藢at酞t酞藞蓴rd酞蓹摊t汀s什蓹摊/,*/kw藞in酞d酞蓹摊t汀s什蓹摊/,*/s藞e藧冒蓹摊t汀s什蓹摊/,*/d藢et汀s什蓹摊m蓹摊ts藞蓻t酞t蓹摊/,*/d藢et汀s什蓹摊m蓹摊t藞uo摊莽t什蓹摊/,*/d藢et汀s什蓹摊m蓹摊tn藞蕢o摊尾蓹摊/,*/尾藢i蕽藞in酞t酞蓹摊/,,,,,,,,*/t汀s什藞蓻n酞t酞蓹摊/,*/m藞ill蓹摊/
R270,,,,,,,,,,,,,,,,,,,,,,,,,,,,,,,,,,
R271,,,,,,,,,,,,,,,,,,,,,,,,,,,,,,,,,,
R272,,,,,,,,,*/kw藞at酞t酞r蓹摊/,,,,,,,,,,,,,,,,,,,,,,,,,
R273,,,,,,,,,,,,,,,,,,,,,,,,,,,,,,,,,,
R274,,,,,,,,,,,,,,,,,,,,,,,,,,,,,,,,,,
R275,,,,,,,,,,,,,,,,,,,,,,,,,,,,,,,,,,
R276,,,,,,,,,*/kw藞at酞t酞r蓹/,,,,,,,,,,,,,,,,,,,,,,,,,
R277,,,,,,,,,,,,,,,,,,,,,,,,,,,,,,,,,,
R278,,,,,,,,,,,,,,,,,,,,,,,,,,,,,,,,,,
R279,,,,,,,,,,,,,,,,,,,,,,,,,,,,,,,,,,
R280,,,,,,,,,,,,,,,,,,,,,,,,,,,,,,,,,,
R281,,,,,,,,,,,,,,,,,,,,,,,,,,,,,,,,,,
R282,,,,,,,,,,,,,,,,,,,,,,,,,,,,,,,,,,
R283,,,,,,,,,,,,,,,,,,,,,,,,,,,,,,,,,,
R284,,,,,,,,,,,,,,,,,,,,,,,,,,,,,,,,,,
R285,,,,,,,,,,,,,,,,,,,,,,,,,,,,,,,,,,
R286,,,,,,,,,,,,,,,,,,,,,,,,,,,,,,,,,,
R287,,,,,,,,,,,,,,,,,,,,,,,,,,,,,,,,,,
R288,,,,,,,,,,,,,,,,*/藞u虄n酞d酞蓹摊t汀s什蓹/,*/d酞藞蕢o摊冒蓹摊t汀s什蓹/,*/t酞r藞e藧冒蓹摊t汀s什蓹/,*/kw藢at酞t酞藞蓴rd酞蓹摊t汀s什蓹/,*/kw藞in酞d酞蓹摊t汀s什蓹/,*/s藞e藧冒蓹摊t汀s什蓹/,,,,,,,,,,,,,
R289,,,,,,,,,,,,,,,,,,,,,,,,,,,,,,,,,,
R290,,,,,,,,,,,,,,,,,,,,,,,,,,,,,,,,,,
R291,,,,,,,,,,,,,,,,,,,,,,,,,,,,,,,,,,
R292,,,,,,,,,,,,,,,,,,,,,,,,,,,,,,,,,,
R293,,,,,,,,,,,,,,,,,,,,,,,,,,,,,,,,,,
R294,*/n酞藞蕢ll/,,*/藢蕢n酞/,,,,,,,*/t汀s什藞i艐kw/,,*/s藞蓻t酞t酞/,*/藞uo摊莽t酞什/,*/n酞藞蕢o摊尾/,*/d藞ie摊t汀s什/,*/藞u虄n酞d酞t汀s什蓹/,*/d酞藞蕢o摊冒t汀s什蓹/,*/t酞r藞e藧冒t汀s什蓹/,*/kw藢at酞t酞藞蓴rd酞t汀s什蓹/,*/kw藞in酞d酞t汀s什蓹/,*/s藞e藧冒t汀s什蓹/,*/d藢et汀s什mts藞蓻t酞t/,*/d藢et汀s什mt藞uo摊莽t什/,*/d藢et汀s什mtn藞蕢o摊尾/,*/尾藢i蕽藞in酞t酞/,,,,,,,,*/t汀s什藞蓻n酞t酞/,*/m藞ill/
R295,,,,,,,,,,,,,,,,,,,,,,,,,,,,,,,,,,
R296,,,,,,,,,,*/t汀s什藞i艐kw蓹/,,,,,,,,,,,,,,,,,,,,,,,,
R297,,,,,,,,,,,,,,,,,,,,,,,,,,,,,,,,,,
R298,,,,,,,,,,,,,,,,*/藞u虄n酞d汀z蓹/,,,*/kw藢at酞t酞藞蓴rd汀z蓹/,*/kw藞in酞d汀z蓹/,,,,,,,,,,,,,,
R299,,,,,,,,,,,,,,,,,,,,,,,,,,,,,,,,,,
R300,,,,,,,,,,,,,,,,,,,,,,,,,,,,,,,,,,
R301,,,,,,,,,,,,,,,,,,,,,,,,,,,,,,,,,,
R302,,,,,,,,,,,,,,,,,,,,,,,,,,,,,,,,,,
R303,,,,,,,,,,,,,,,,,,,,,,,,,,,,,,,,,,
R304,,,,,,,,,,,,,,,,,,,,,,,,,,,,,,,,,,
R305,,,,,,,,,,,,,,,,,,,,,,,,,,,,,,,,,,
R306,,,,,,,,,,,,,,,,,,,,,,,,,,,,,,,,,,
R307,,,,,,,,,,,,,,,,,,,,,,,,,,,,,,,,,,
R308,,,,,,,,,,,,,,,,,,,,,,,,,,,,,,,,,,
R309,,,,,,,,,,,,,,,,,,,,,,,,,,,,,,,,,,
R310,,,,,,,,,,,,,,,,,,,,,,,,,,,,,,,,,,
R311,,,,,,,,,,,,,,,,,,,,,,,,,,,,,,,,,,
R312,,,,,,,,,,,,,,,,,,,,,,,,,,,,,,,,,,
R313,,,,,,,,,,,,,,,,,,,,,,,,,,,,,,,,,,
R314,,,,,,,,,,,,,,,,,,,,,,,,,,,,,,,,,,
R315,,,,,,,,,,,,,,,,,,,,,,,,,,,,,,,,,,
R316,,,,,,,,,,,,,,,,,,,,,,,,,,,,,,,,,,
R317,,,,,,,,,,,,,,,,,,,,,,,,,,,,,,,,,,
R318,,,,,,,,,,,,,,,,,,,,,,,,,,,,,,,,,,
R319,,,,,,,,,,,,,,,,,,,,,,,,,,,,,,,,,,
R320,,,,,,,,,,,,,,,,,,,,,,,,,,,,,,,,,,
R321,,,,,,,,,,,,,,,,,,,,,,,,,,,,,,,,,,
R322,,,,,,,,,,,,,,,,,,,,,,,,,,,,,,,,,,
R323,,,,,,,,,,,,,,,,,,,,,,,,,,,,,,,,,,
R324,,,,,,,,,,,,,,,,,,,,,,,,,,,,,,,,,,
R325,,,,,,,,,,,,,,,,,,,,,,,,,,,,,,,,,,
R326,,,,,,,,,,,,,,,,,,,,,,,,,,,,,,,,,,
R327,,,,,,,,,,,,,,,,,,,,,,,,,,,,,,,,,,
R328,,,,,,,,,,,,,,,,,,,,,,,,,,,,,,,,,,
R329,,,,,,,,,,,,,,,,,,,,,,,,,,,,,,,,,,
R330,,,,,,,,,,,,,,,,,,,,,,,,,,,,,,,,,,
R331,,,,,,,,,,,,,,,,,,,,,,,,,,,,,,,,,,
R332,,,,,,,,,,,,,,,,,,,,,,,,,,,,,,,,,,
R333,,,,,,,,,,,,,,,,,,,,,,,,,,,,,,,,,,
R334,,,,,,,,,,,,,,,,,,,,,,,,,,,,,,,,,,
R335,,,,,,,,,,,,,,,,,,,,,,,,,,,,,,,,,,
R336,,,,,,,,,,,,,,,,,,,,,,,,,,,,,,,,,,
R337,,,,,,,,,,,,,,,,,,,,,,,,,,,,,,,,,,
R338,,,,,,,,,,,,,,,,,,,,,,,,,,,,,,,,,,
R339,,,,,,,,,,,,,,,,,,,,,,,,,,,,,,,,,,
R340,,,,,,,,,,,,,,,,,,,,,,,,,,,,,,,,,,
R341,,,,,,,,,,,,,,,,,,,,,,,,,,,,,,,,,,
R342,,,,,,,,,,,,,,,,,,,,,,,,,,,,,,,,,,
R343,,,,,,,,,,,,,,,,,,,,,,,,,,,,,,,,,,
R344,,,,,,,,,,,,,,,,,,,,,,,,,,,,,,,,,,
R345,,,,,,,,,,,,,,,,,,,,,,,,,,,,,,,,,,
R346,,,,,,,,,,,,,,,,,,,,,,,,,,,,,,,,,,
R347,,,,,,,,,,,,,,,,,,,,,,,,,,,,,,,,,,
R348,,,,,,,,,,,,,,,,,,,,,,,,,,,,,,,,,,
R349,,,,,,,,,,,,,,,,,,*/t酞r藞e冒t汀s什蓹/,,,*/s藞e冒t汀s什蓹/,,,,,,,,,,,,,
R350,,,,,,,,,,,,,,,,,,,,,,,,,,,,,,,,,,
R351,,,,,,,,,,,,,,,,,,,,,,,,,,,,,,,,,,
R352,,,,,,,,,,,,,,,,,,,,,,,,,,,,,,,,,,
R353,,,,,,,,,,,,,,,,,,,,,,,,,,,,,,,,,,
R354,,,,,,,,,,,,,,,,,,,,,,,,,,,,,,,,,,
R355,,,,,,,,,,,,,,,,,,,,,,,,,,,,,,,,,,
R356,,,,,,,,,,,,,,,,,,,,,,,,,,,,,,,,,,
R357,,,,,,,,,,,,,,,,,,,,,,,,,,,,,,,,,,
R358,,,,,,,,,,,,,,,,,,,,,,,,,,,,,,,,,,
R359,,,,,,,,,,,,,,,,,,,,,,,,,,,,,,,,,,
R360,,,,,,,,,,,,,,,,,,,,,,,,,,,,,,,,,,
R361,,,,,,,,,,,,,,,,,,,,,,,,,,,,,,,,,,
R362,,,,,,,,,,,,,,,,,,,,,,,,,,,,,,,,,,
R363,,,,,,,,,,,,,,,,,,,,,,,,,,,,,,,,,,
R364,,,,,,,,,,,,,,,,,,,,,,,,,,,,,,,,,,
R365,,,,,,,,,,,,,,,,,,,,,,,,,,,,,,,,,,
R366,,,,,,,,,,,,,,,,,,,,,,,,,,,,,,,,,,
R367,,,,,,,,,,,,,,,,,,,,,,,,,,,,,,,,,,
R368,,,,,,,,,,,,,,,,,,,,,,,,,,,,,,,,,,
R369,,,,,,,,,,,,,,,,,,,,,,,,,,,,,,,,,,
R370,,,,,,,,,,,,,*/藞蕢o摊莽t酞什/,,,,,,,,,,*/d藢et汀s什mt藞蕢o摊莽t什/,,,,,,,,*/藢蕢莽t什a蕽藞in酞t酞a/,,,
R371,,,,,,,,,,,,,,,,,,,,,,,,,,,,,,,,,,
R372,,,,,,,,,,,,,,,,,,,,,,,,,,,,,,,,,,
R373,,,,,,,,,,,,,,,,,,,,,,,,,,,,,,,,,,
R374,,,,,,,,,,,,,,,,,,,,,,,,,,,,,,,,,,
R375,,,,,,,,,,,,,,,,,,,,,,,,,,,,,,,,,,
R376,,,,,,,,,,,,,,,,,,,,,,,,,,,,,,,,,,
R377,,,,,,,,,,,,,,,,,,,,,,,,,*/尾藢ij藞in酞t酞/,*/tr藢ij藞in酞t酞a/,*/kw藢a冒raj藞in酞t酞a/,*/t汀s什藢i艐kwaj藞in酞t酞a/,*/s藢e莽s什aj藞in酞t酞a/,*/s藢蓻t酞taj藞in酞ta/,*/藢蕢莽t什aj藞in酞t酞a/,*/n酞藢u虄n酞aj藞in酞t酞a/,,
R378,,,,,,,,,,,,,,,,,,,,*/k藞in酞d汀z蓹/,,,,,,,,,,,,,,
R379,,,,,,,,,,,,,,,,,,,,,,,,,,,,,,,,,,
R380,,,,,,,,,,,,,,,,,,,,,,,,,,,,,,,,,,
R381,,,,,,,,,,,,,,,,,,,,,,,,,,,,,,,,,,
R382,,,,,,,,,,,*/s藞ie摊莽js/,,*/藞蕢o摊莽jt酞/,,,,,,,,,,,,,,,,*/s藢e莽jsaj藞in酞t酞a/,,,,,
R383,,,,,,,,,,,,,,,,,,,,,,,,,,,,,,,,,,
R384,,,,,,,,,,,*/s藞ie摊莽s/,,*/藞蕢o摊莽t酞/,,,,,,,,,,,,,,,,*/s藢e莽saj藞in酞t酞a/,,,,,
R385,,,,,,,,,,,,,,,,,,,,,,,,,,,,,,,,,,
R386,,,,,,,,,,,,,,,,,,,,,,,,,,,,,,,,,,
R387,,,,,,,,,,,,,,,,,,,,,,,,,,,,,,,,,,
R388,,,,,,,,,,,,,,,,,,,,,,,,,,,,,,,,,,
R389,,,,,,,,,,,,,,,,,,,,,,,,,,,,,,,,,,
R390,,,,,,,,,,,,,,,,,,,,,,,,,,,,,,,,,,
R391,,,,,,,,,,,,,,,,,,,,,,,,,,,,,,,,,,
R392,,,,,,,,,,,,,,,,,,,,,,,,,,,,,,,,,,
R393,,,,,,,,,,,,,,,,,,,,,,,,,,,,,,,,,,
R394,,,,,,,,,,,,,,,,,,,,,,,,,,,,,,,,,,
R395,,,,,,,,,,,,,,,,,,,,,,,,,,,,,,,,,,
R396,,,,,,,,,,,,,,,,,,,,,,,,,,,,,,,,,,
R397,,,,,,,,,,,,,,,,,,,,,,,,,,,,,,,,,,
R398,,,,,,,,,,,,,,,,,,,,,,,,,,,,,,,,,,
R399,,,,,,,,,,,,,,,,,,,,,,,,,,,,,,,,,,
R400,,,,,,,,,,,,,,,,,,,,,,,,,,,,,,,,,,
R401,,,,,,,,,,,,,,,,,,,,,,,,,,,,,,,,,,
R402,,,,,,,,,,,,,,,,,,,,,,,,,,,,,,,,,,
R403,,,,,,,,,,,,,,,,,,,,,,,,,,,,,,,,,,
R404,,,,,,,,,,,,,,,,,,,,,,,,,,,,,,,,,,
R405,,,,,,,,,,,,,,,,,,,,,,,,,,,,,,,,,,
R406,,,,,,,,,,,,,,,,,,,,,,,,,,,,,,,,,,
R407,,,,,,,,,,,,,,,,,,,,,,*/d藢et汀s什m蓹ts藞蓻t酞t/,*/d藢et汀s什m蓹t藞蕢o摊莽t什/,*/d藢et汀s什m蓹tn藞蕢o摊尾/,,,,,,,,,,
R408,,,,,,,,,,,,,,,,,,,,,,,,,,,,,,,,,,
R409,,,,,,,,,,,,,,,,,,,,,,,,,,,,,,,,,,
R410,,,,,*/d酞藞ows/,,*/t酞r藞ejs/,*/t酞r藞ejs/,,,,,,,,,,,,,,,,,,,,,,,,,,
R411,,,,,,,,,,,,,,,,,,,,,,,,,,,,,,,,,,
R412,,,,,,,,,,,,,,,,,,,,,,,,,,,,,,,,,,
R413,,,,,,,,,,,,,,,*/d藞ie摊jt汀s什/,,,,,,,,,,,,,,,,,,,
R414,,,,,,,,,,,,,,,,,,,,,,,,,,,,,,,,,,
R415,,,,,,,,,,,,,,,,,,,,,,,,,,,,,,,,,,
R416,,,,,,,,,,,,,,,,,,,,,,,,,,,,,,,,,,
R417,,,,,,,,,,,,,,,,,,,,,,,,,,,,,,,,,,
R418,,,,,,,,,,,,,,,,,,,,,,,,,,,,,,,,,,
R419,,,,,,,,,,,,,,,,,,,,,,,,,,,,,,,,,,
R420,,,,,,,,,,,,,,,,,,,,,,,,,,,,,,,,,,
R421,,,,,,,,,,,,,,,,,,,,,,,,,,,,,,*/s藢et酞taj藞in酞ta/,,,,
R422,,,,,,,,,,,,,,,,,,,,,,,,,,,,,,,,,,
R423,,,,,,,,,,,,,,,,,,,,,,,,,,,,,,,,,,
R424,,,,,,,,,,,,,,,,,,,,,,,,,,,,,,,,,,
R425,,,,,,,,,,,,,,,,,,,,,,,,,,,,,,,,,,
R426,,,,,,,,,,,,,,,,,,,,,,,,,,,,,,,,,,
R427,,,,,,,,,,,,,,,,,,,,,,,,,,,,,,,,,,
R428,,,,,,,,,,,,,,,,,,,,,,,,,,,,,,,,,,
R429,,,,,,,,,,,,,,,,,,,,,,,,,,,,,,,,,,
R430,,,,,,,,,,,,,,,,,,,,,,,,,,,,,,,,,,
R431,,,,,,,,,,,,,,,,,,,,,,,,,,,,,,,,,,
R432,,,,,,,,,,,,,,,,,,,,,,,,,,,,,,,,,,
R433,,,,,,,,,,,,,,,,,,,,,,,,,,,,,,,,,,
R434,,,,,,,,,,,,,,,,,,,,,,,,,,,,,,,,,,
R435,,,,,,,,,,,,,,,,,,,,,,,,,,,,,,,,,,
R436,,,,,,,,,,,,,,,,,,,,,,,,,,,,,,,,,,
R437,,,,,,,,,,,,,,*/n酞藞蕢o摊v/,,,,,,,,,,*/d藢et汀s什m蓹tn藞蕢o摊v/,*/v藢ij藞in酞t酞/,,,,,,,,,
R438,,,,,,,,,,,,,,,,,,,,,,,,,,,,,,,,,,
=Later Gallo-Roman,null*/n酞藞蕢ll/,null*/r藞ie摊m/,null*/藢蕢n酞/,null*/藢蕢n酞a/,null*/d酞藞ows/,null*/d酞藞蕢o摊/,null*/t酞r藞ejs/,null*/t酞r藞ejs/,null*/kw藞at酞t酞r蓹/,null*/t汀s什藞i艐kw蓹/,null*/s藞ie摊莽s/,null*/s藞蓻t酞t酞/,null*/藞蕢o摊莽t酞/,null*/n酞藞蕢o摊v/,null*/d藞ie摊jt汀s什/,null*/藞u虄n酞d汀z蓹/,null*/d酞藞蕢o摊冒t汀s什蓹/,null*/t酞r藞e冒t汀s什蓹/,null*/kw藢at酞t酞藞蓴rd汀z蓹/,null*/k藞in酞d汀z蓹/,null*/s藞e冒t汀s什蓹/,null*/d藢et汀s什m蓹ts藞蓻t酞t/,null*/d藢et汀s什m蓹t藞蕢o摊莽t什/,null*/d藢et汀s什m蓹tn藞蕢o摊v/,null*/v藢ij藞in酞t酞/,null*/tr藢ij藞in酞t酞a/,null*/kw藢a冒raj藞in酞t酞a/,null*/t汀s什藢i艐kwaj藞in酞t酞a/,null*/s藢e莽saj藞in酞t酞a/,null*/s藢et酞taj藞in酞ta/,null*/藢蕢莽t什aj藞in酞t酞a/,null*/n酞藢u虄n酞aj藞in酞t酞a/,null*/t汀s什藞蓻n酞t酞/,null*/m藞ill/
R439,,,,,,,,,,,,,,,,,,,,,,,,,,,,,,,,,,
R440,,,,,,,,,,,,,,,,,,,,,,,,,,,,,,,,,,
R441,,,,,,,,,,,,,,,,,,,,,,,,,,,,,,,,,,
R442,,,,,,,,,,,,,,,,,,,,,,,,,,,,,,,,,,
R443,,,,*/藢蕢n酞蓹/,,,,,,,,,,,,,,,,,,,,,,*/tr藢ij藞in酞t酞蓹/,*/kw藢a冒r蓹j藞in酞t酞蓹/,*/t汀s什藢i艐kw蓹j藞in酞t酞蓹/,*/s藢e莽s蓹j藞in酞t酞蓹/,*/s藢et酞t蓹j藞in酞t蓹/,*/藢蕢莽t什蓹j藞in酞t酞蓹/,*/n酞藢u虄n酞蓹j藞in酞t酞蓹/,,
R444,,,,,,,,,,,,,,,,,,,,,,,,,,,,,,,,,,
R445,,,,,,,,,,,,,,,,,,,,,,,,,,,,,,,,,,
R446,,,,,,,,,,,,,,,,,,,,,,,,,,,,,,,,,,
R447,,,,,,,,,,,,,,,,,,,,,,,,,,,,,,,,,,
R448,,,,,,,,,,,,,,*/n酞藞蕢o摊f/,,,,,,,,,,*/d藢et汀s什m蓹tn藞蕢o摊f/,,,,,,,,,,
R449,,,,,,,,,,,,,,,,,,,,,,,,,,,,,,,,,,
R450,,,,,,,,,,,,,,,,,,,,,,,,,,,,,,,,,,
R451,,,,,,,,,,,,,,,,,,,,,,,,,,,,,,,,,,
R452,,,,,,,,,,,,,,,,,,,,,,,,,,,,,,,,,,
R453,,,,,,,,,,,,,,,,,,,,,,,,,,,,,,,,,,
R454,,,,,,,,,,,,,,,,,,,,,,,,,,,,,,,,,,
R455,,,,,,,,,,,,,,,,,,,,,,,,,,,,,,,,,,
R456,,,,,,,,,,,,,,,,,,,,,,,,,,,,,,,,,,
R457,,,,,,,,,,,,,,,,,,,,,,,,,,,,,,,,,,
R458,,,,,,,,,,,,,,,,,,,,,,,,,,,,,,,,,,
R459,,,,,,,,,,,,,,,,,,,,,,,,,,,,,,,,,,
R460,,,,,,,,,,,,,,,,,,,,,,,,,,,,,,,,,,
R461,,,,,,,,,,,,,,,,,,,,,,,,,,,,,,,,,,
R462,,,,,,,,,,,,,,,,,,,,,,,,,,,,,,,,,,
R463,,,,,,,,,,,*/s藞ie摊蕽s/,,*/藞蕢o摊蕽t酞/,,,,,,,,,,*/d藢et汀s什m蓹t藞蕢o摊蕽t什/,,,,,,*/s藢e蕽s蓹j藞in酞t酞蓹/,,*/藢蕢蕽t什蓹j藞in酞t酞蓹/,,,
R464,,,,,,,,,,,,,,,,,,,,,,,,*/d藢et汀s什m蓹冒n藞蕢o摊f/,,,,,,,,,,
R465,,,,,,,,,,,,,,,,,,,,,,,,,,,,,,,,,,
R466,,,,,,,,,,,,,,,,,,,,,,,,,,,,,,,,,,
R467,,,,,,,,,,,,,,,,,,,,,,,,,,,,,,,,,,
R468,,,,,,,,,,,,,,,,,,,,,,,,,,,,,,,,,,
R469,,,,,,,,,,,*/s藞ie摊js/,,*/藞蕢o摊jt酞/,,,,,,,,,,*/d藢et汀s什m蓹t藞蕢o摊jt什/,,,,,,*/s藢ejs蓹j藞in酞t酞蓹/,,*/藢蕢jt什蓹j藞in酞t酞蓹/,,,
R470,,,,,,,,,,,,,,,,,,,,,,,,,*/v藢i藞in酞t酞/,*/tr藢i藞in酞t酞蓹/,,,,,,,,
R471,,,,,,,,,,,,,,,,,,,,,,,,,,,,,,,,,,
R472,,,,,,,,,,,,,,,,,,,,,,,,,,,,,,,,,,
R473,,,,,,,,,,,,,,,,,,,,,,,,,,,,,,,,,,
R474,,,,,,,,,,,,,,,,,,,,,,,,,,,,,,,,,,
R475,,,,,,,,,,,,,,,,,,,,,,*/d藢et汀s什m蓹t汀s藞蓻t酞t/,,,,,,,,,,,,
R476,,,,,,,,,,,,,,,,,,,,,,,,,,,,,,,,,,
R477,,,,,,,,,,,,,,,,,,,,,,,,,,,,,,,,,,
R478,,,,,,,,,,,,,,,,,,,,,,,,,,,,,,,,,,
R479,,,,,,,,,,,,,,,,,,,,,,,,,,,,,,,,,,
R480,,,,,,,,,,,,,,,,,,,,,,,,,,,,,,,,,,
R481,,,,,,,,,,,,,,,,,,,,,,,,,,,,,,,,,,
R482,,,,,,,,,,,,,,,,,,,,,,,,,,,,,,,,,,
R483,,,,,,,,,,,,,,,,,,,,,,,,,,,,,,,,,,
R484,,,,,,,,,,,,,,,,,,,,,,,,,,,,,,,,,,
R485,,,,,,,,,,,,,,,,,,,,,,,,,,,,,,,,,,
R486,,,,,,,,,,,,,,,,,,,,,,,,,,,,,,,,,,
R487,,,,,,,,,,,,,,,,,,,,,,,,,,,,,,,,,,
R488,,,,,,,,,,,,,,,,,,,,,,,,,,,,,,,,,,
R489,,,,,,,,,,,,,,,,,,,,,,,,,,,,,,,,,,
R490,,,,,,,,,,,,,,,,,,,,,,,,,,,,,,,,,,
R491,,,,,,,,,,,,,,,,,,,,,,,,,,,,,,,,,,
R492,,,,,,,,,*/kw藞at酞r蓹/,,,*/s藞蓻t酞/,,,,,,,*/kw藢at酞藞蓴rd汀z蓹/,,,*/d藢et汀s什m蓹t汀s藞蓻t/,,,,,,,,*/s藢et蓹j藞in酞t蓹/,,,,
R493,,,,,,,,,,,,,,,,,,,,,,,,,,,,,,,,,,
R494,,,,,,,,,,,,,,,,,,,,,*/s藞ie摊冒t汀s什蓹/,,,,,,,,,,,,,
R495,,,,,,,,,,,,,,,,,*/d酞藞蕢o摊t汀s什蓹/,*/t酞r藞et汀s什蓹/,,,*/s藞ie摊t汀s什蓹/,,,,,,,,,,,,,
R496,*/n酞藞蕢l/,,,,,,,,,,,,,,,,,,,,,,,,,,,,,,,,,*/m藞il/
R497,,,,,,,,,,,,,,,,,,,,,,,,,,,,,,,,,,
R498,,,,,,,,,,,,,,,,,,,,,,,,,,,,,,,,,,
R499,,,,,,,,,,,,,,,,,,,,,,,,,,,,,,,,,,
R500,,,,,,,,,,,,,,,,,,,,,,,,,,,,,,,,,,
R501,,,,,,,,,,,,,,,,,,,,,,,,,,,,,,,,,,
R502,,,,,,,,,,,,,,,,,,,,,,,,,,,*/kw藢a冒rej藞in酞t酞蓹/,*/t汀s什藢i艐kwej藞in酞t酞蓹/,*/s藢ejsej藞in酞t酞蓹/,*/s藢etej藞in酞t蓹/,*/藢蕢jt什ej藞in酞t酞蓹/,*/n酞藢u虄n酞ej藞in酞t酞蓹/,,
R503,,,,,,,,,,,,,,,,,,,,,,,,,,,,,,,,,,
R504,,,,,,,,,,,,,,,,,,,,,,,,,,,,,,,,,,
R505,,,,,,,,,,,,,,,,,,,,,,,,,,,,,,,,,,
R506,*/n酞藞yl/,,*/藢yn酞/,*/藢yn酞蓹/,,*/d酞藞yo摊/,,,,,,,*/藞yo摊jt酞/,*/n酞藞yo摊f/,,,*/d酞藞yo摊t汀s什蓹/,,,,,,*/d藢et汀s什m蓹t藞yo摊jt什/,*/d藢et汀s什m蓹冒n藞yo摊f/,,,,,,,*/藢yjt什ej藞in酞t酞蓹/,,,
R507,,,,,,,,,,,,,,,,,,,,,,,,,,,,,,,,,,
R508,,,,,,,,,,,,,,,,,,,,,,,,,,,,,,,,,,
R509,,,,,,,,,,,,,,,,,,,,,,,,,,,,,,*/s藢蓹tej藞in酞t蓹/,,,,
R510,,,,,,,,,,,,,,,,,,,,,,,,,,,,,,,,,,
R511,,,,,,,,,,,,,,,,,,,,,,,,,,,,,,,,,,
R512,,,,,,,,,,,,,,,,,,,,,,,,,,,,,,,,,,
R513,,,,,,,,,,,,,,,,,,,,,,,,,,,,,,,,,,
R514,,,,,,,,,,,,,,,,,,,,,,,,,,,,,,,,,,
R515,,,,,,,,,,,,,,,,,,,,,,,,,,,,,,,,,,
R516,,,,,,,,,,,,,,,,,,,,,,,,,,,,,,,,,,
R517,,,,,,,,,,,,,,,,,,,,,,,,,,,,,,,,,,
R518,,,,,,,,,,,,,,,,,,,,,,,,,,,,,,,,,,
R519,,,,,,,,,,,,,,,,,,,,,,,,,,,,,,,,,*/t汀s什藞蓻虄n酞t酞/,
R520,,,,,,*/d酞藞ye摊/,,,,,,,*/藞ye摊jt酞/,*/n酞藞ye摊f/,,,*/d酞藞ye摊t汀s什蓹/,,,,,,*/d藢et汀s什m蓹t藞ye摊jt什/,*/d藢et汀s什m蓹冒n藞ye摊f/,,,,,,,,,,
R521,,,,,,,,,,,,,,,,,,,,,,,,,,,,,,,,,,
R522,,,,,,,,,,,*/s藞ijs/,,*/藞yjt酞/,,*/d藞ijt汀s什/,,,,,,,,*/d藢et汀s什m蓹t藞yjt什/,,,,,,,,,,,
R523,,,,,,,,,,,*/s藞is/,,,,*/d藞it汀s什/,,,,,,,,,,,,,,,,,,,
R524,,,,,,,,,,,,,,,,,,,,,,,,,,,,,,,,,,
R525,,,,,,,,,,,,,,,,,,,,,,,,,,,,,,,,,,
R526,,,,,,,,,,,,,,,,,,,,,,,,,,,,,,,,,,
R527,,,,,,,,,,,,,,,,,,,,,,,,,,,,,,,,,,
R528,,,,,,,,,,,,,,,,,,,,,,,,,,,,,,,,,,
R529,,,,,,,,,,,,,,,,,,,,,,,,,,,,,,,,,,
R530,,,,,,,,,,,,,,,,,,,,,,,,,,,,,,,,,,
R531,,*/r藞ie摊n酞/,,,,,,,,,,,,,,,,,,,,,,,,,,,,,,,,
R532,,,,,,,,,,,,,,,,,,,,,,,,,,,,,,,,,,
~Old French I,null*/n酞藞yl/,null*/r藞ie摊n酞/,null*/藢yn酞/,null*/藢yn酞蓹/,null*/d酞藞ows/,null*/d酞藞ye摊/,null*/t酞r藞ejs/,null*/t酞r藞ejs/,null*/kw藞at酞r蓹/,null*/t汀s什藞i艐kw蓹/,null*/s藞is/,null*/s藞蓻t酞/,null*/藞yjt酞/,null*/n酞藞ye摊f/,null*/d藞it汀s什/,null*/藞u虄n酞d汀z蓹/,null*/d酞藞ye摊t汀s什蓹/,null*/t酞r藞et汀s什蓹/,null*/kw藢at酞藞蓴rd汀z蓹/,null*/k藞in酞d汀z蓹/,null*/s藞ie摊t汀s什蓹/,null*/d藢et汀s什m蓹t汀s藞蓻t/,null*/d藢et汀s什m蓹t藞yjt什/,null*/d藢et汀s什m蓹冒n藞ye摊f/,null*/v藢i藞in酞t酞/,null*/tr藢i藞in酞t酞蓹/,null*/kw藢a冒rej藞in酞t酞蓹/,null*/t汀s什藢i艐kwej藞in酞t酞蓹/,null*/s藢ejsej藞in酞t酞蓹/,null*/s藢蓹tej藞in酞t蓹/,null*/藢yjt什ej藞in酞t酞蓹/,null*/n酞藢u虄n酞ej藞in酞t酞蓹/,null*/t汀s什藞蓻虄n酞t酞/,null*/m藞il/
R533,,,,,,,,,,,,,,,,,,,,,,,,,,,,,,,,,,
R534,,,,,,,,,,,,,,,,,,,,,,,,,,,,,,,,,,
R535,,,,,,,,,,,,,,,,,,,,,,,,,,,,,,,,,,
R536,,,,,,,,,,,,,,,,,,,,,,,,,,,,,,,,,,
R537,,,,,,,,,,,,,,,,,,,,,,,,,,,,,,,,,,
R538,,,,,,,,,,,,,,,,,,,,,,,,,,,,,,,,,,
R539,,,,,,,,,,,,,,,,,,,,,,,,,,,,,,,,,,
R540,,,,,,,,,,,,,,,,,,,,,,,,,,,,,,,,,,
R541,,,,,,,,,,,,,,,,,,,,,,,,,,,,,,,,,,
R542,,,,,,,,,,,,,,,,,,*/t酞r藞蓻t汀s什蓹/,,,,,,,,,,,,,,,,
R543,,,,,,,,,,,,,,,,,,,,,,,,,,,,,,,,,,
R544,,,,,,,,,,,,,,,,,,,,,,,,,,,,,,,,,,
R545,,,,,,,,,,,,,,,,,,,,,,,,,,,,,,,,,,
R546,,,,,,,,,,,,,,,,,,,,,,,,,,,,,,,,,,
R547,,,,,,,,,,,,,,,,,,,,,,,,,,,,,,,,,,
R548,,,,,,,,,,,,,,,,,,,,,,,,,,,,,,,,,,
R549,,,,,,,,,,,,,,,,,,,,,,,,,,,,,,,,,,
R550,,,,,,,,,,,,,,,,,,,,,,,,,,,,,,,,,,
R551,,,,,*/d酞藞ews/,,,,,,,,,,,,,,,,,,,,,,,,,,,,,
R552,,,,,,,*/t酞r藞ojs/,*/t酞r藞ojs/,,,,,,,,,,,,,,,,,,,*/kw藢a冒roj藞in酞t酞蓹/,*/t汀s什藢i艐kwoj藞in酞t酞蓹/,*/s藢ojsoj藞in酞t酞蓹/,*/s藢蓹toj藞in酞t蓹/,*/藢yjt什oj藞in酞t酞蓹/,*/n酞藢u虄n酞oj藞in酞t酞蓹/,,
R553,,,,,,,,,,,,,,,,,,,,,,,,,,,,,,,,,,
R554,,,,,,,,,,,,,,,,,,,,,,,,,,,,,,,,,,
R555,,,,,,,,,,,,,,,,,,,,,,,,,,,,,,,,,,
R556,,,,,,,,,,,,,,,,,,,,,,,,,,,,,,,,,,
R557,,,,,,,,,,,,,,,,,,,,,,,,,,,,,,,,,,
R558,,,,,,,,,,,,,,,,,,,,,,,,,,,,,,,,,,
R559,,,,,,,,,,,,,,,,,,,,,,,,,,,,,,,,,,
R560,,,,,,,,,,,,,,,,,,,,,,,,,,,,,,,,,,
R561,,,,,,,,,,,,,,,,,,,,,,,,,,,,,,,,,,
R562,,,,,,,*/t酞r藞ujs/,*/t酞r藞ujs/,,,,,,,,,,,,,,,,,,,*/kw藢a冒ruj藞in酞t酞蓹/,*/t汀s什藢i艐kwuj藞in酞t酞蓹/,*/s藢ujsuj藞in酞t酞蓹/,*/s藢蓹tuj藞in酞t蓹/,*/藢yjt什uj藞in酞t酞蓹/,*/n酞藢u虄n酞uj藞in酞t酞蓹/,,
R563,,,,,,,,,,,,,,,,,,,,,,,,,,,,,,,,,,
R564,,,,,,,,,,,,,,,,,,,,,,,,,,,,,,,,,,
R565,,,,,,,,,,,,,,,,,,,,,,,,,,,,,,,,,,
R566,,,,,,,,,,,,,,,,,,,,,,,,,,,,,,,,,,
R567,,,,,,,,,,,,,,,,,,,,,,,,,,,,,,,,,,
R568,,,,,,,,,,,,,,,,,,,,,,,,,,,,,,,,,,
R569,,,,,,,,,,,,,,,,,,,,,,,,,,,,,,,,,,
R570,,,,,,,,,,,,,,,,,,,,,,,,,,,,,,,,,*/t汀s什藞a虄n酞t酞/,
R571,,,,,,,,,,,,,,,,,,,,,,,,,,,,,,,,,,
R572,,,,,,,,,,,,,,,,,,,,,,,,,,,,,,,,,,
R573,,,,,,,,,,,,,,,,,,,,,,,,,,,,,,,,,,
R574,,,,,,,,,,,,,,,,,,,,,,,,,,,,,,,,,,
R575,,,,,,,,,,,,,,,,,,,,,,,,,,,,,,,,,,
R576,,,,,,*/d酞藞酶/,,,,,,,,*/n酞藞酶f/,,,*/d酞藞酶t汀s什蓹/,,,,,,,*/d藢et汀s什m蓹冒n藞酶f/,,,,,,,,,,
R577,,,,,,,,,,,,,,,,,,,,,,,,,,,,,,,,,,
R578,,,,,,,,,,,,,,,,,,,,,,,,,,,,,,,,,,
R579,,,,,,,,,,,,,,,,,,,,,,,,,,,,,,,,,,
R580,,,,,,,,,,,,,,,,,,,,,,,,,,,,,,,,,,
R581,,,,,,,,,,,,,,,,,,,,,,,,,,,,,,,,,,
R582,,,,,,,,,,,,,,,,,,,,,,,,,,,,,,,,,,
R583,,,,,,,,,,,,,,,,,,,,,,,,,,,,,,,,,,
R584,,,,,,,,,,,,,,,,,,,,,,,,,,,,,,,,,,
R585,,,,,,,,,,,,,,,,,,,,,,,,,,,,,,,,,,
R586,,,,,,,,,,,,,,,,,,,,,,,,,,,,,,,,,,
R587,,,,,,,,,,,,,,,,,,,,,,*/d藢exm蓹t汀s藞蓻t/,*/d藢exm蓹t藞yjt什/,*/d藢exm蓹冒n藞酶f/,,,,,,,,,,
R588,,,,,,,,,,,,,,,,,,,,,,,,,,,,,,,,,,
R589,,,,,,,,,,,,,,,,,,,,,,,,,,,,,,,,,,
R590,,*/rj藞en酞/,,,,,,,,,,,,,,,,,,,*/sj藞et汀s什蓹/,,,,,,,,,,,,,
R591,,,,,,,,,,,,,,,,,,,,,,,,,,,,,,,,,,
R592,,,,,,,,,,,,,,,,,,,,,,,,,,,,,,,,,,
R593,,,,,,,,,,,,,,,,,,,,,,,,,,,,,,,,,,
R594,,,,,,,,,,,,,,,,,,,,,,,,*/d藢exm蓹n藞酶f/,,,*/kw藢aruj藞in酞t酞蓹/,,,,,,,
R595,,,,,*/d酞藞酶ws/,,,,,,,,,,,,,,,,,,,,,,,,,,,,,
R596,,,,,,,,,,,,,,,,,,,,,,,,,,,,,,,,,,
R597,,,,,,,,,,,,,,,,,,,,,,,,,,,,,,,,,,
R598,,,,,,,,,,,,,,,,,,,,,,,,,,,,,,,,,,
R599,,,,,,,,,,,,,,,,,,,,,,,,,,,,,,,,,,
R600,,,,,,,,,,,,,,,,,,,,,,,,,,,,,,,,,,
R601,,,,,,,,,,,,,,,,,,,,,,,,,,,,,,,,,,
R602,,,,,,,,,,,,,,,,,,,,,,,,,,,,,,,,,,
R603,,,,,*/d酞藞酶s/,,,,,,,,,,,,,,,,,,,,,,,,,,,,,
R604,,,,,,,,,*/k藞at酞r蓹/,*/t汀s什藞i艐k蓹/,,,,,,,,,*/k藢at酞藞蓴rd汀z蓹/,,,,,,,,*/k藢aruj藞in酞t酞蓹/,*/t汀s什藢i艐kuj藞in酞t酞蓹/,,,,,,
R605,,,,,,,,,,,,,,,,,,,,,,,,,,,,,,,,,,
R606,,,,,,,,,,,,,,,,,,,,,,,,,,,,,,,,,,
R607,,,,,,,,,,,,,,,,,,,,,,,,,,,,,,,,,,
R608,,,,,,,,,,,,,,,,,,,,,,,,*/d藢exm蓹虄n藞酶f/,,,,,,,,,,
R609,,*/rj藞e虄n酞/,,,,,,,,,,,,,,,,,,,,,,,,,,,,,,,,
R610,,,,,,,,,,,,,,,,,,,,,,,,,,,,,,,,,,
R611,,,,,,,,,,,,,,,,,,,,,,,,,,,,,,,,,,
R612,,,,,,,,,,,,,,,,,,,,,,,,,,,,,,,,,,
R613,,,,,,,*/t酞r藞u蓻摊s/,*/t酞r藞u蓻摊s/,,,,,,,,,,,,,,,,,,,*/k藢aru蓻摊藞in酞t酞蓹/,*/t汀s什藢i艐ku蓻摊藞in酞t酞蓹/,*/s藢u蓻摊su蓻摊藞in酞t酞蓹/,*/s藢蓹tu蓻摊藞in酞t蓹/,*/藢yjt什u蓻摊藞in酞t酞蓹/,*/n酞藢u虄n酞u蓻摊藞in酞t酞蓹/,,
R614,,,,,,,*/t酞rw藞蓻s/,*/t酞rw藞蓻s/,,,,,,,,,,,,,,,,,,,*/k藢arw蓻藞in酞t酞蓹/,*/t汀s什藢i艐kw蓻藞in酞t酞蓹/,*/sw藢蓻sw蓻藞in酞t酞蓹/,*/s藢蓹tw蓻藞in酞t蓹/,*/藢yjt什w蓻藞in酞t酞蓹/,*/n酞藢u虄n酞w蓻藞in酞t酞蓹/,,
R615,,,,,,,,,,,,,,,,,,,,,,,,,,,,,,,,,,
R616,,,,,,,,,,,,,*/丧藞it酞/,,,,,,,,,,*/d藢exm蓹t丧藞it什/,,,,,,,,*/丧藢it什w蓻藞in酞t酞蓹/,,,
R617,,,,,,,,,,,,,,,,,,,,,,,,,,,,,,,,,,
R618,,,,,,,,,,,,,,,,,,,,,,,,,,,,,,,,,,
R619,,,,,,,,,,,,,,,,,,,,,,,,,,,,,,,,,,
R620,,,*/藢y虄n酞/,*/藢y虄n酞蓹/,,,,,,*/t汀s什藞i虄艐k蓹/,,,,,,,,,,*/k藞i虄n酞d汀z蓹/,,,,,*/v藢i藞i虄n酞t酞/,*/tr藢i藞i虄n酞t酞蓹/,*/k藢arw蓻藞i虄n酞t酞蓹/,*/t汀s什藢i虄艐kw蓻藞i虄n酞t酞蓹/,*/sw藢蓻sw蓻藞i虄n酞t酞蓹/,*/s藢蓹tw蓻藞i虄n酞t蓹/,*/丧藢it什w蓻藞i虄n酞t酞蓹/,*/n酞藢u虄n酞w蓻藞i虄n酞t酞蓹/,,
R621,,,,,,,,,,,,,,,,,,,,,,,,*/d藢exm蓹n藞酶f/,,,,,,,,,,
R622,,,,,,,,,,,,,,,,,,,,,,,,,,,,,,,,,,
R623,,,,,,,,,,,,,,,,,,,,,,,,,,,,,,,,,,
R624,,,,,,,,,,,,,,,,,,,,,,,,,,,,,,,,,,
R625,,,,,,,,,,,,,,,,,,,,,,,,,,,,,,,,,,
R626,,,,,*/d酞藞酶藧s/,,*/t酞rw藞蓻藧s/,*/t酞rw藞蓻藧s/,,,*/s藞i藧s/,,,,,,,,,,,,,,,,,,,,,,,
R627,,,,,,,,,,*/s什藞i虄艐k蓹/,,,,,*/d藞is什/,*/藞u虄n酞z蓹/,*/d酞藞酶s什蓹/,*/t酞r藞蓻s什蓹/,*/k藢at酞藞蓴rz蓹/,*/k藞i虄n酞z蓹/,*/sj藞es什蓹/,*/d藢exm蓹s藞蓻t/,,,,,,*/s什藢i虄艐kw蓻藞i虄n酞t酞蓹/,,,,,*/s什藞a虄n酞t酞/,
R628,,,,,,,,,,,,,,,,,,,,,,,,,,,,,,,,,,
R629,,,,,,,,,,,,,,,,,,,,,,,,,,,,,,,,,,
R630,,,,,,,,,,,,,,,,,,,,,,,,*/d藢exm蓹虄n藞酶f/,,,,,,,,,,
R631,,,,,,,,,,,,,,,,,,,,,,,,,,,,,,,,,,
R632,,,,,,,,,,,,,,,,,,,,,,,,*/d藢exm蓹n藞酶f/,,,,,,,,,,
R633,,,,,,,,,,,,,,,,,,,,,,*/d藢e藧m蓹s藞蓻t/,*/d藢e藧m蓹t丧藞it什/,*/d藢e藧m蓹n藞酶f/,,,,,,,,,,
R634,,,,,,,,,,,,,,,,,,,,,,,,,,,,,,,,,,
R635,,,,,,,,,,,,,,,,,,,,,,*/d藢em蓹s藞蓻t/,*/d藢em蓹t丧藞it什/,*/d藢em蓹n藞酶f/,,,,,,,,,,
R636,,,,,,,,,,,,,,,,,,,,,,,,,,,,,,,,,,
R637,,,,,,,,,,,,,,,,,,,,,,,,,,,,,,,,,,
R638,,,,,,,,,,,,,,,,,,,,,,,,,,,,,,,,,,
~Old French II,null*/n酞藞yl/,null*/rj藞e虄n酞/,null*/藢y虄n酞/,null*/藢y虄n酞蓹/,null*/d酞藞酶藧s/,null*/d酞藞酶/,null*/t酞rw藞蓻藧s/,null*/t酞rw藞蓻藧s/,null*/k藞at酞r蓹/,null*/s什藞i虄艐k蓹/,null*/s藞i藧s/,null*/s藞蓻t酞/,null*/丧藞it酞/,null*/n酞藞酶f/,null*/d藞is什/,null*/藞u虄n酞z蓹/,null*/d酞藞酶s什蓹/,null*/t酞r藞蓻s什蓹/,null*/k藢at酞藞蓴rz蓹/,null*/k藞i虄n酞z蓹/,null*/sj藞es什蓹/,null*/d藢em蓹s藞蓻t/,null*/d藢em蓹t丧藞it什/,null*/d藢em蓹n藞酶f/,null*/v藢i藞i虄n酞t酞/,null*/tr藢i藞i虄n酞t酞蓹/,null*/k藢arw蓻藞i虄n酞t酞蓹/,null*/s什藢i虄艐kw蓻藞i虄n酞t酞蓹/,null*/sw藢蓻sw蓻藞i虄n酞t酞蓹/,null*/s藢蓹tw蓻藞i虄n酞t蓹/,null*/丧藢it什w蓻藞i虄n酞t酞蓹/,null*/n酞藢u虄n酞w蓻藞i虄n酞t酞蓹/,null*/s什藞a虄n酞t酞/,null*/m藞il/
R639,,,,,,,,,,,,,,,,,,,,,,,,,,,,,,,,,,
R640,,,,,,,,,,,,,,,,,,,,,,,,,,,,,,,,,,
R641,,,,,,,,,,,,,,,,,,,,,,,,,,,,,,,,,,
R642,,,,,,,,,,,,,,,,,,,,,,,,,,,,,,,,,,
R643,,,,,,,,,,,,,,,,,,,,,,,,,,,,,,,,,,
R644,,,,,,,,,,,,,,,,,,,,,,,,,,,,,,,,,,
R645,,,,,,,,,,,,,,,,,,,,,,,,,,,,,,,,,,
R646,,,,,,,,,,,,,,,,,,,,,,,,,,,,,,,,,,
R647,,,,,,,,,,,,,,,,,,,,,,,,,,,,,,,,,,
R648,,,,,,,,,,,,,,,,,,,,,,,,,,,,,,,,,,
R649,,,,*/藢yn酞蓹/,,,,,,,,,,,,,,,,,,,,,,,,,,,,,,
R650,,,,,,,,,,,,,,,,,,,,,,,,,,,,,,,,,,
R651,,,,,,,,,,*/s什藞e虄艐k蓹/,,,,,,,,,,*/k藞e虄n酞z蓹/,,,,,*/v藢i藞e虄n酞t酞/,*/tr藢i藞e虄n酞t酞蓹/,*/k藢arw蓻藞e虄n酞t酞蓹/,*/s什藢e虄艐kw蓻藞e虄n酞t酞蓹/,*/sw藢蓻sw蓻藞e虄n酞t酞蓹/,*/s藢蓹tw蓻藞e虄n酞t蓹/,*/丧藢it什w蓻藞e虄n酞t酞蓹/,*/n酞藢u虄n酞w蓻藞e虄n酞t酞蓹/,,
R652,,,,,,,,,,,,,,,,,,,,,,,,,,,,,,,,,,
R653,,,,,,,,,,,,,,,,,,,,,,,,,,,,,,,,,,
R654,,,,,,,,,,,,,,,,,,,,,,,,,,,,,,,,,,
R655,,,,,,,,,,,,,,,,,,,,,,,,,,,,,,,,,,
R656,,,,,,,,,,,,,,,,,,,,,,,,,,,,,,,,,,
R657,,,,,,,,,,*/s藞e虄艐k蓹/,,,,,*/d藞is/,,*/d酞藞酶s蓹/,*/t酞r藞蓻s蓹/,,,*/sj藞es蓹/,,*/d藢em蓹t丧藞it/,,,,,*/s藢e虄艐kw蓻藞e虄n酞t酞蓹/,,,*/丧藢itw蓻藞e虄n酞t酞蓹/,,*/s藞a虄n酞t酞/,
R658,,,,,,,,,,,,,,,,,,,,,,,,,,,,,,,,,,
R659,,,,,,,,,,,,,,,,,,,,,,,,,,,,,,,,,,
R660,,,,,,,,,,,,,,,,,,,,,,,,,,,,,,,,,,
R661,,,,,,,,,,,,,,,,,,,,,,,,,,,,,,,,,,
R662,,,,,,,,,,,,,,,,,,,,,,,,,,,,,,,,,,
R663,,,,,,,,,,*/s藞e虄藧k蓹/,,,,,,*/藞u虄藧z蓹/,,,,*/k藞e虄藧z蓹/,,,,,*/v藢i藞e虄藧t酞/,*/tr藢i藞e虄藧t酞蓹/,*/k藢arw蓻藞e虄藧t酞蓹/,*/s藢e虄藧kw蓻藞e虄藧t酞蓹/,*/sw藢蓻sw蓻藞e虄藧t酞蓹/,*/s藢蓹tw蓻藞e虄藧t蓹/,*/丧藢itw蓻藞e虄藧t酞蓹/,*/n酞藢u虄n酞w蓻藞e虄藧t酞蓹/,*/s藞a虄藧t酞/,
R664,,*/rj藞e虄藧/,*/藢y虄藧/,,,,,,,,,,,,,,,,,,,,,,,,,,,,,,,
R665,,,,,,,,,,,,,,,,,,,,,,,,,,,,,,,,,,
R666,,,,,,,,,,,,,,,,,,,,,,,,,,,,,,,,,,
R667,,,,,,,,,,,,,,,,,,,,,,,,,,,,,,,,,,
R668,,,,,,,,,,,,,,,,,,,,,,,,,,,,,,,,,,
R669,,,,,,,,,,,,,,,,,,,,,,,,,,,,,,,,,,
R670,,,,,,,,,,,,,,,,,,,,,,,,,,,,,,,,,,
R671,,,,,,,,,,,,,,,,,,,,,,,,,,,,,,,,,,
R672,,,,,,,,,,,,,,,,,,,,,,,,,,,,,,,,,,
R673,,,,,,,,,,,,,,,,,,,,,,,,,,,,,,,,,,
R674,,,,,,,,,,,,,,,,,,,,,,,,,,,,,,,,,,
R675,,,,,,,,,,,,,,,,,,,,,,,,,,,,,,,,,,
R676,,,,,,,,,,,,,,,,,,,,,,,,,,,,,,,,,,
R677,,,,,,,,,,,,,,,,,,,,,,,,,,,*/k藢arw藞e虄藧t酞蓹/,*/s藢e虄藧kw藞e虄藧t酞蓹/,*/sw藢蓻sw藞e虄藧t酞蓹/,*/s藢蓹tw藞e虄藧t蓹/,*/丧藢itw藞e虄藧t酞蓹/,*/n酞藢u虄n酞w藞e虄藧t酞蓹/,,
R678,,,,,,,,,,,,,,,,,,,,,,,,,,,,,,,,,,
R679,,,,,,,,,,,,,,,,,,,,,,,,,,,,,,,,,,
R680,,,,,,,,,,,,,,,,,,,,,,,,,,,,,,,,,,
R681,,,,,,,,,,,,,,,,,,,,,,,,,,,,,,,,,,
R682,,,,,,,,,,,,,,,,,,,,,,,,,,,,,,,,,,
R683,,,,,,,,,,,,,,,,,,,,,,,,,,,,,,,,,,
R684,,,,,,,,,,,,,,,,,,,,,,,,,,,,,,,,,,
R685,,,,,,,,,,,,,,,,,,,,,,,,,,,,,,,,,,
R686,,,,,,,,,,,,,,,,,,,,,,,,,,,,,,,,,,
~Middle French,null*/n酞藞yl/,null*/rj藞e虄藧/,null*/藢y虄藧/,null*/藢yn酞蓹/,null*/d酞藞酶藧s/,null*/d酞藞酶/,null*/t酞rw藞蓻藧s/,null*/t酞rw藞蓻藧s/,null*/k藞at酞r蓹/,null*/s藞e虄藧k蓹/,null*/s藞i藧s/,null*/s藞蓻t酞/,null*/丧藞it酞/,null*/n酞藞酶f/,null*/d藞is/,null*/藞u虄藧z蓹/,null*/d酞藞酶s蓹/,null*/t酞r藞蓻s蓹/,null*/k藢at酞藞蓴rz蓹/,null*/k藞e虄藧z蓹/,null*/sj藞es蓹/,null*/d藢em蓹s藞蓻t/,null*/d藢em蓹t丧藞it/,null*/d藢em蓹n藞酶f/,null*/v藢i藞e虄藧t酞/,null*/tr藢i藞e虄藧t酞蓹/,null*/k藢arw藞e虄藧t酞蓹/,null*/s藢e虄藧kw藞e虄藧t酞蓹/,null*/sw藢蓻sw藞e虄藧t酞蓹/,null*/s藢蓹tw藞e虄藧t蓹/,null*/丧藢itw藞e虄藧t酞蓹/,null*/n酞藢u虄n酞w藞e虄藧t酞蓹/,null*/s藞a虄藧t酞/,null*/m藞il/
R687,,,,,,,,,,,,,,,,,,,,,,,,,,,,,,,,,,
R688,,,,,,,,,,*/s藞蓻虄藧k蓹/,,,,,,,,,,*/k藞蓻虄藧z蓹/,,,,,,,,*/s藢蓻虄藧kw藞e虄藧t酞蓹/,,,,,,
R689,,,,,,,,,,,,,,,,,,,,,,,,,*/v藢i藞蓻虄藧t酞/,*/tr藢i藞蓻虄藧t酞蓹/,,,,,,,,
R690,,,,,,,,,,,,,,,,,,,,,,,,,,,,,,,,,,
R691,,,,,,,,,,,,,,,,,,,,,,,,,,,,,,,,,,
R692,,,,,,,,,,,,,,,,,,,,,,,,,,,,,,,,,,
R693,,,,,,,,,,,,,,,,,,,,,,,,,,,,,,,,,,
R694,,,,,,,,,,,,,,,,,,,,,,,,,,,,,,,,,,
R695,,,,,,,,,,,,,,,,,,,,,,,,,,,,,,,,,,
R696,,,,,,,,,,,,,,,,,,,,,,,,,,,,,,,,,,
R697,,,,,,,,,,,,,,,,,,,,,,,,,,,,,,,,,,
R698,,,,,,,,,,,,,,,,,,,,,,,,,,,,,,,,,,
R699,,,,,,,,,,,,,,,,,,,,,*/sj藞蓻s蓹/,*/d藢蓻m蓹s藞蓻t/,*/d藢蓻m蓹t丧藞it/,*/d藢蓻m蓹n藞酶f/,,,*/k藢arw藞蓻虄藧t酞蓹/,*/s藢蓻虄藧kw藞蓻虄藧t酞蓹/,*/sw藢蓻sw藞蓻虄藧t酞蓹/,*/s藢蓹tw藞蓻虄藧t蓹/,*/丧藢itw藞蓻虄藧t酞蓹/,*/n酞藢u虄n酞w藞蓻虄藧t酞蓹/,,
R700,,,,,,,,,,,,,,,,,,,,,,,,,,,,,,,,,,
R701,,,,,,,,,,,,,,,,,,,,,,,,,,,,,,,,,,
R702,,,,*/藢yn酞蓹摊/,,,,,*/k藞at酞r蓹摊/,*/s藞蓻虄藧k蓹摊/,,,,,,*/藞u虄藧z蓹摊/,*/d酞藞酶s蓹摊/,*/t酞r藞蓻s蓹摊/,*/k藢at酞藞蓴rz蓹摊/,*/k藞蓻虄藧z蓹摊/,*/sj藞蓻s蓹摊/,,,,,*/tr藢i藞蓻虄藧t酞蓹摊/,*/k藢arw藞蓻虄藧t酞蓹摊/,*/s藢蓻虄藧kw藞蓻虄藧t酞蓹摊/,*/sw藢蓻sw藞蓻虄藧t酞蓹摊/,*/s藢蓹tw藞蓻虄藧t蓹摊/,*/丧藢itw藞蓻虄藧t酞蓹摊/,*/n酞藢u虄n酞w藞蓻虄藧t酞蓹摊/,,
R703,,,,,,,,,,,,,,,,,,,,,,,,,,,,,,,,,*/s藞蓱虄藧t酞/,
R704,,,,,,,,,,,,,,,,,,,,,,,,,,,,,,,,,,
R705,,,,,,,,,,,,,,,,,,,,,,,,,,,,,,,,,,
R706,,,,,,,,,,,,,,,,,,,,,,,,,*/vj藞蓻虄藧t酞/,*/trj藞蓻虄藧t酞蓹摊/,,,,,,,,
R707,,,,,,,,,,,,,,,,,,,,,,,,,,,,,,,,,,
R708,,,,,,,,,,,,,,,,,,,,,,,,,,,,,,,,,,
R709,,,,,,,,,,,,,,,,,,,,,,,,,,,,,,,,,,
R710,,,,,,,,,,,,,*/丧藞it酞蓹摊/,,,,,,,,,,,,,,,,,,,,,
R711,,,,,,,,,,,,,,,,,,,,,,,,,,,,,,,,,,
R712,,,,,,,,,,,,,,,,,,,*/k藢at酞藞蓴晒z蓹摊/,,,,,,,,,,,,,,,
R713,,,,,,,,,,,,,,,,,,,,,,,,,,,,,,,,,,
R714,,,,,,,,,,,,,,,,,,,,,,,,,,,,,,,,,,
R715,,,,,,,,,,,,,,,,,,,,,,,,,,,,,,,,,,
R716,,,,,,,,,,,,,,*/n酞藞酶f蓹摊/,,,,,,,,,,*/d藢蓻m蓹n藞酶f蓹摊/,,,,,,,,,,
R717,,,,,,,,,,,*/s藞i藧s蓹摊/,,,,,,,,,,,,,,,,,,,,,,,
R718,,,,,*/d酞藞酶藧/,,*/t酞rw藞蓻藧/,,,,,*/s藞蓻/,,,*/d藞i/,,,,,,,*/d藢蓻m蓹s藞蓻/,*/d藢蓻m蓹t丧藞i/,,*/vj藞蓻虄藧/,,,,,,,,*/s藞蓱虄藧/,
R719,,,,,,,,,,,,,,,,,,,,,,,,,,,,,,,,,,
R720,,,,*/藢yn酞/,,,,,*/k藞at酞r/,*/s藞蓻虄藧k/,*/s藞i藧s/,,*/丧藞it酞/,*/n酞藞酶f/,,*/藞u虄藧z/,*/d酞藞酶s/,*/t酞r藞蓻s/,*/k藢at酞藞蓴晒z/,*/k藞蓻虄藧z/,*/sj藞蓻s/,,,*/d藢蓻m蓹n藞酶f/,,*/trj藞蓻虄藧t酞/,*/k藢arw藞蓻虄藧t酞/,*/s藢蓻虄藧kw藞蓻虄藧t酞/,*/sw藢蓻sw藞蓻虄藧t酞/,*/s藢蓹tw藞蓻虄藧t/,*/丧藢itw藞蓻虄藧t酞/,*/n酞藢u虄n酞w藞蓻虄藧t酞/,,
R721,,,,,,,,,,,,,,,,,,,,,,,,,,,,,,,,,,
R722,,,,,,,,,,,,,,,,,,,,,,,,,,,,,,,,,,
R723,,,,,,,,,,,,,,,,,,,,,,,,,,,,,,,,,,
R724,,,,,,,,,,,,,,*/n酞藞艙f/,,,*/d酞藞艙s/,,,,,,,*/d藢蓻m蓹n藞艙f/,,,,,,,,,,
R725,,*/rj藞蓻虄藧/,*/藢艙虄藧/,,,,,,,,,,,,,,,,,,,,,,,,,,,,,,,
R726,,,,,,,,,,,,,,,,,,,,,,,,,,,,,,,,,,
R727,,,,,,,,,,,,,,,,,,,,,,,,,,,,,,,,,,
R728,,,,,,,,,,,,,,,,,,,,,,,,,,,,,,,,,,
R729,,,,,,,,,,,,,,,,,,,,,,,,,,,,,,,,,,
R730,,,,,,,,,,,,,,,,,,,,,,,,,,,,,,,,,,
R731,,,,,,,,,,,,,,,,,,,,,,,,,,,,,,,,,,
R732,,,,,,,,,,,,,,,,,,,,,,,,,,,,,,,,,,
R733,,,,,,,,,,,,,,,,,,,*/k藢at酞藞蓴rz/,,,,,,,,,,,,,,,
R734,,,,,,,,,,,,,,,,,,,,,,,,,,,,,,,,,,
R735,,*/蕗j藞蓻虄藧/,,,,,*/t酞蕗w藞蓻藧/,,*/k藞at酞蕗/,,,,,,,,,*/t酞蕗藞蓻s/,*/k藢at酞藞蓴蕗z/,,,,,,,*/t蕗j藞蓻虄藧t酞/,*/k藢a蕗w藞蓻虄藧t酞/,,,,,,,
R736,*/n酞yl/,*/蕗j蓻虄藧/,*/艙虄藧/,*/yn酞/,*/d酞酶藧/,,*/t酞蕗w蓻藧/,,*/kat酞蕗/,*/s蓻虄藧k/,*/si藧s/,*/s蓻/,*/丧it酞/,*/n酞艙f/,*/di/,*/u虄藧z/,*/d酞艙s/,*/t酞蕗蓻s/,*/kat酞蓴蕗z/,*/k蓻虄藧z/,*/sj蓻s/,*/d蓻m蓹s蓻/,*/d蓻m蓹t丧i/,*/d蓻m蓹n艙f/,*/vj蓻虄藧/,*/t蕗j蓻虄藧t酞/,*/ka蕗w蓻虄藧t酞/,*/s蓻虄藧kw蓻虄藧t酞/,*/sw蓻sw蓻虄藧t酞/,*/s蓹tw蓻虄藧t/,*/丧itw蓻虄藧t酞/,*/n酞u虄n酞w蓻虄藧t酞/,*/s蓱虄藧/,*/mil/
R737,,,,,,,,,,,,,,,,,,,,,,,,,,,,,,,,,,
R738,,*/蕗j蓻虄/,*/艙虄/,,*/d酞酶/,,*/t酞蕗w蓻/,,,*/s蓻虄k/,*/sis/,,,,,*/u虄z/,,,,*/k蓻虄z/,,,,,*/vj蓻虄/,*/t蕗j蓻虄t酞/,*/ka蕗w蓻虄t酞/,*/s蓻虄kw蓻虄t酞/,*/sw蓻sw蓻虄t酞/,*/s蓹tw蓻虄t/,*/丧itw蓻虄t酞/,*/n酞u虄n酞w蓻虄t酞/,*/s蓱虄/,
R739,,,,,,,,,,,,,,,,*/蓴虄z/,,,,,,,,,,,,,,,,*/n酞蓴虄n酞w蓻虄t酞/,,
R740,,,,,,,,,,,,,,,,,,,,,,,,,,,,,,,,,,
R741,,,,,,,,,,,,,,,,,,,,,,,,,,,,,,,,*/n酞蓴n酞w蓻虄t酞/,,
R742,,,,,,,,,,,,,,,,,,,,,,,,,,,,,,,,,,
R743,,,,,,,*/t酞蕗wa/,,,,,,,,,,,,,,,,,,,,,,*/swasw蓻虄t酞/,,,,,
R744,,*/蕘j蓻虄/,,,,,*/t酞蕘wa/,,*/kat酞蕘/,,,,,,,,,*/t酞蕘蓻s/,*/kat酞蓴蕘z/,,,,,,,*/t蕘j蓻虄t酞/,*/ka蕘w蓻虄t酞/,,,,,,,
R745,,,,,,,,,,,,,,,,,,,,,,,,,,,,,,,,,,
R746,,,,,,,,,,,,,,,,,,,,,,,,,,,,,,,,,,
R747,,,,,,,,,,,,,,,,,,,,,,,,,,,,,,,,,,
R748,,,,,,,,,,,,,,,,,,,,,,,,,,,,,,,,,,
R749,,,,,,,,,,,,,,,,,,,,,,,,,,,,,,,,,,
